Date,change_rate
2014-09-17,-1.831006158227294
2014-09-18,-7.096262301284363
2014-09-19,-6.910351272040087
2014-09-20,3.6057666471166714
2014-09-21,-2.2701097185048096
2014-09-22,0.7647210990854744
2014-09-23,8.380911266462155
2014-09-24,-2.8791718903605226
2014-09-25,-2.7370521916380066
2014-09-26,-1.7023588633633366
2014-09-27,-1.000111693204705
2014-09-28,-5.579881413606539
2014-09-29,-0.3876067843574746
2014-09-30,2.886555056893849
2014-10-01,-0.9839303144934687
2014-10-02,-2.3219515901386676
2014-10-03,-4.176385893169565
2014-10-04,-8.620919921502193
2014-10-05,-2.555660327378597
2014-10-06,3.024449095476147
2014-10-07,1.6948783285823863
2014-10-08,5.005416362617646
2014-10-09,3.4806761851486034
2014-10-10,-0.856899176439557
2014-10-11,0.25930001494792293
2014-10-12,4.396789967373005
2014-10-13,3.3057204562605005
2014-10-14,2.3431699803108117
2014-10-15,-1.5418130526841864
2014-10-16,-3.0320556862753594
2014-10-17,0.26178129441774184
2014-10-18,1.9443852334653142
2014-10-19,-0.4365470569226381
2014-10-20,-1.6406675039776715
2014-10-21,1.0600924686128694
2014-10-22,-0.7666106953549607
2014-10-23,-6.409255505204083
2014-10-24,-0.06860244538229204
2014-10-25,-3.1621998703936227
2014-10-26,2.0769152538621767
2014-10-27,-0.503976961348118
2014-10-28,1.2465538503089946
2014-10-29,-6.0203440841247975
2014-10-30,2.8584212390822135
2014-10-31,-1.9384967433286555
2014-11-01,-3.8095382279870846
2014-11-02,-0.05612632344223481
2014-11-03,0.6096972838550296
2014-11-04,1.0181511680707793
2014-11-05,2.6620594784649914
2014-11-06,2.8963820284518347
2014-11-07,-2.1162389481974615
2014-11-08,0.9744194057244832
2014-11-09,5.179282903729261
2014-11-10,1.2860741152585935
2014-11-11,0.5023855556395255
2014-11-12,15.102795358352356
2014-11-13,-1.5301750275447064
2014-11-14,-4.923078987721112
2014-11-15,-5.884398511240023
2014-11-16,3.509720906645597
2014-11-17,-0.24231027345266404
2014-11-18,-3.245872196285825
2014-11-19,1.7809756326894828
2014-11-20,-5.907598359800673
2014-11-21,-1.964632152918497
2014-11-22,0.3742874105140365
2014-11-23,4.076735542310365
2014-11-24,2.7123742281368366
2014-11-25,-0.40807948306855174
2014-11-26,-2.0342102608382446
2014-11-27,-0.2245603804092216
2014-11-28,1.9148608679681423
2014-11-29,-0.1757296858795356
2014-11-30,0.675611099227678
2014-12-01,0.2633191934172541
2014-12-02,0.5444963589733175
2014-12-03,-1.7583412441021147
2014-12-04,-1.6272798654464227
2014-12-05,2.0062738133344347
2014-12-06,-0.5234102945241991
2014-12-07,0.06909760176691856
2014-12-08,-3.481924948560857
2014-12-09,-2.6737023630579557
2014-12-10,-1.6581242630113562
2014-12-11,1.790676566932838
2014-12-12,0.48712188903085013
2014-12-13,-1.4203389833444202
2014-12-14,1.414657331086004
2014-12-15,-1.712196669670993
2014-12-16,-5.383987817441368
2014-12-17,-2.1657951604914296
2014-12-18,-2.6233273831762767
2014-12-19,2.141533256844632
2014-12-20,3.8842153901053647
2014-12-21,-2.6400233736924643
2014-12-22,3.369377637880776
2014-12-23,0.7695367071362347
2014-12-24,-3.544122145876182
2014-12-25,-1.0171136901567213
2014-12-26,2.7485345391501776
2014-12-27,-3.577719521829212
2014-12-28,0.34128605682798463
2014-12-29,-1.5835567151622807
2014-12-30,-0.6337941302071907
2014-12-31,2.9844238778252707
2015-01-01,-1.9305021879018274
2015-01-02,0.3034277679549067
2015-01-03,-10.723975111065618
2015-01-04,-6.0292477947574366
2015-01-05,3.5422672071209367
2015-01-06,4.21614693103359
2015-01-07,2.887337984340162
2015-01-08,-3.667027175983605
2015-01-09,2.841882840458457
2015-01-10,-4.353250279228135
2015-01-11,-3.2584622411540773
2015-01-12,0.6199581886263523
2015-01-13,-15.532516842393939
2015-01-14,-20.452089354974813
2015-01-15,18.624957108188802
2015-01-16,-0.4653977940697781
2015-01-17,-4.125410251479918
2015-01-18,5.143214850230101
2015-01-19,1.6030564480185268
2015-01-20,-0.7477420923691995
2015-01-21,7.341822116414992
2015-01-22,2.6763795264729
2015-01-23,-0.2732137244613339
2015-01-24,6.509240813267894
2015-01-25,2.573659071139321
2015-01-26,7.633058061879895
2015-01-27,-3.548007761249522
2015-01-28,-11.177484962603778
2015-01-29,0.07070696172257407
2015-01-30,-2.7267025396222078
2015-01-31,-3.964383646752351
2015-02-01,4.659535808940182
2015-02-02,5.182548856677154
2015-02-03,-4.2896685695118
2015-02-04,-0.289218875637908
2015-02-05,-4.635759192555235
2015-02-06,2.4630870018892312
2015-02-07,2.3001991161906017
2015-02-08,-1.8801591305452694
2015-02-09,-1.4678461548759716
2015-02-10,-0.2011027540728468
2015-02-11,-0.248938290136729
2015-02-12,1.1660227279450845
2015-02-13,6.063012478208505
2015-02-14,9.252833861647936
2015-02-15,-8.808301361852925
2015-02-16,-0.41818147201878303
2015-02-17,4.36462872733036
2015-02-18,-3.0576728149567933
2015-02-19,1.6382560122829466
2015-02-20,1.4684641370738674
2015-02-21,0.32081693040002235
2015-02-22,-3.5032554961065583
2015-02-23,1.2275697509557515
2015-02-24,-0.11004296566174337
2015-02-25,-0.594415074960582
2015-02-26,-0.38384690150866707
2015-02-27,7.355900941396198
2015-02-28,0.29307202717693004
2015-03-01,2.3277179276831474
2015-03-02,5.881546920087236
2015-03-03,2.4199610616433
2015-03-04,-3.155423966975778
2015-03-05,1.2609106834512087
2015-03-06,-1.0439093238175186
2015-03-07,1.4568737790738726
2015-03-08,-0.7520845575981957
2015-03-09,5.383674031431288
2015-03-10,0.6547978890311614
2015-03-11,1.6650386786299276
2015-03-12,-0.5987330331664175
2015-03-13,-2.985538293064737
2015-03-14,-0.8989447562092334
2015-03-15,1.7653079128068336
2015-03-16,1.7179724325378893
2015-03-17,-1.751577390013271
2015-03-18,-10.09165433314688
2015-03-19,1.9728013342435653
2015-03-20,0.3038823736061215
2015-03-21,-0.6187867780806343
2015-03-22,3.094449193139336
2015-03-23,-0.4311386276948727
2015-03-24,-7.870894696683932
2015-03-25,-0.5152073349128109
2015-03-26,0.9160440705370593
2015-03-27,-0.6183417443108269
2015-03-28,2.3577276659462623
2015-03-29,-3.9673212941003344
2015-03-30,1.9132997154419988
2015-03-31,-1.305291406101382
2015-04-01,1.248447477004455
2015-04-02,2.3942790889399617
2015-04-03,0.4931368190133903
2015-04-04,-0.23358834554487465
2015-04-05,2.6942636235235655
2015-04-06,-2.005593619144626
2015-04-07,-0.82029873092883
2015-04-08,-3.17784921399725
2015-04-09,-0.43922687790186243
2015-04-10,-3.1276904687512714
2015-04-11,0.2271013273276399
2015-04-12,-0.16149989568789241
2015-04-13,-4.81584720490603
2015-04-14,-2.491560309755607
2015-04-15,2.1727892297422313
2015-04-16,2.07933763213712
2015-04-17,-2.490645626193141
2015-04-18,0.2257120113299008
2015-04-19,-0.38306761650792126
2015-04-20,0.9047165349472981
2015-04-21,4.7408967619465825
2015-04-22,-0.6052623074266213
2015-04-23,1.02925914425268
2015-04-24,-1.9926244121224628
2015-04-25,-2.0952715669836444
2015-04-26,-3.082907501183098
2015-04-27,4.492111156921606
2015-04-28,-1.3600087753250354
2015-04-29,0.09618966890083366
2015-04-30,4.631074701021202
2015-05-01,-1.6360163797595726
2015-05-02,1.1143057917999304
2015-05-03,2.3322533686530758
2015-05-04,-0.5566731934689434
2015-05-05,-1.1433870138797395
2015-05-06,-2.7373641509870117
2015-05-07,3.340560033735663
2015-05-08,2.807293295296789
2015-05-09,-0.7946032851881724
2015-05-10,-0.5928120474042593
2015-05-11,0.7736232028541611
2015-05-12,-0.4266058529044956
2015-05-13,-2.079965947460152
2015-05-14,0.30269007096077793
2015-05-15,0.2743111103211834
2015-05-16,-0.62740794300228
2015-05-17,0.3355821637740404
2015-05-18,-1.586827276869665
2015-05-19,-0.4677353063677921
2015-05-20,0.9176790663876633
2015-05-21,0.567477281119329
2015-05-22,2.136234367053761
2015-05-23,-0.5884660327369952
2015-05-24,0.8272818283218927
2015-05-25,-1.584297862767598
2015-05-26,0.005058290035400308
2015-05-27,0.091958879248665
2015-05-28,0.06364447588651911
2015-05-29,-0.11837956528035856
2015-05-30,-1.5803966788391421
2015-05-31,-1.2632132175864155
2015-06-01,-3.1737443293093226
2015-06-02,1.3051031515758966
2015-06-03,0.0611335776783634
2015-06-04,-0.641354121201684
2015-06-05,0.35600027964301634
2015-06-06,0.2728821136248597
2015-06-07,-1.2034771988991977
2015-06-08,2.517061125390046
2015-06-09,0.2231619153734265
2015-06-10,-0.08384521359305384
2015-06-11,0.37141688815376334
2015-06-12,0.12058631533643635
2015-06-13,1.0795035876272527
2015-06-14,0.47366565355846796
2015-06-15,1.4570181984768273
2015-06-16,5.967944974653313
2015-06-17,-0.6135806831222607
2015-06-18,-0.16878217391074085
2015-06-19,-1.7816186253015929
2015-06-20,0.2789051810993059
2015-06-21,-0.47164660570702527
2015-06-22,1.2382767585612802
2015-06-23,-1.0654957470390434
2015-06-24,-1.542069545353905
2015-06-25,1.0126226459303862
2015-06-26,0.40806838239881815
2015-06-27,3.055241304443586
2015-06-28,-0.774640963502021
2015-06-29,3.354361936761553
2015-06-30,2.3483013944935482
2015-07-01,-1.7938441973608716
2015-07-02,-1.2144556475790558
2015-07-03,0.3433031925375226
2015-07-04,1.71350615019197
2015-07-05,4.259121573946724
2015-07-06,-0.7664852813596007
2015-07-07,-1.391306136863186
2015-07-08,1.8057647247529687
2015-07-09,-0.5904134550624438
2015-07-10,5.847169020638334
2015-07-11,2.890685625672473
2015-07-12,6.047277362441872
2015-07-13,-6.039697485925383
2015-07-14,-1.5648888066821534
2015-07-15,-0.7693253882781441
2015-07-16,-2.78036202617213
2015-07-17,0.4965933555343734
2015-07-18,-1.5859295160403064
2015-07-19,-0.41962267168615985
2015-07-20,2.0043929852828857
2015-07-21,-1.093287067053824
2015-07-22,0.5677243278304929
2015-07-23,-0.4658496838106892
2015-07-24,4.446662211475905
2015-07-25,0.18496047363438875
2015-07-26,1.40174258068909
2015-07-27,0.3365871692045057
2015-07-28,0.27040774011756263
2015-07-29,-1.6618941284100193
2015-07-30,-0.47768856706835944
2015-07-31,-1.058763540440276
2015-08-01,-1.083647037371473
2015-08-02,0.7719793992286844
2015-08-03,-0.5583368143281291
2015-08-04,1.4198527408197408
2015-08-05,-1.040908451010546
2015-08-06,-1.1808936101298448
2015-08-07,0.30278794607055015
2015-08-08,-6.700815330811295
2015-08-09,1.5192521863260409
2015-08-10,-0.3796908284375671
2015-08-11,2.2864227364733543
2015-08-12,-1.5602424958737244
2015-08-13,-0.7900681988721993
2015-08-14,0.5860721978556632
2015-08-15,-1.498140297492637
2015-08-16,-1.2827204843357136
2015-08-17,-0.19883828008785934
2015-08-18,-18.162961877932762
2015-08-19,0.44888375764685595
2015-08-20,3.7245664154660254
2015-08-21,-1.1837418087456342
2015-08-22,-0.9765252378106994
2015-08-23,-0.95799938561079
2015-08-24,-7.7229625939192275
2015-08-25,5.493935650252749
2015-08-26,1.6908578846477051
2015-08-27,-0.5666913700866851
2015-08-28,2.9795114153499203
2015-08-29,-0.763983961562578
2015-08-30,-0.49326982512540846
2015-08-31,0.4111496238981344
2015-09-01,-0.9272264511658486
2015-09-02,0.5512521867505425
2015-09-03,-0.9336163776405821
2015-09-04,1.356868103861978
2015-09-05,2.093837053192952
2015-09-06,2.1160647694582657
2015-09-07,-0.03626231094963437
2015-09-08,1.5680902312408391
2015-09-09,-2.1555755246296333
2015-09-10,0.059162892132622186
2015-09-11,0.7460275153627324
2015-09-12,-1.9286618597445786
2015-09-13,-2.0107000016864696
2015-09-14,0.015178793148316593
2015-09-15,-0.08156618731001983
2015-09-16,-0.5033644221634094
2015-09-17,0.3204148480705411
2015-09-18,-0.2338076658491165
2015-09-19,-0.5861965159651307
2015-09-20,-0.0808112646484719
2015-09-21,-1.7870609040286776
2015-09-22,1.6077094975071666
2015-09-23,-0.2827622652220848
2015-09-24,1.8106621945317611
2015-09-25,0.33367085205507496
2015-09-26,-0.3130935007475242
2015-09-27,-0.5902492705219862
2015-09-28,2.708343982688396
2015-09-29,-0.9744159163920441
2015-09-30,-0.245098813620132
2015-10-01,0.6546491514252575
2015-10-02,0.0122191728597388
2015-10-03,0.6441766530912619
2015-10-04,-0.11403262768634925
2015-10-05,0.9389126891546848
2015-10-06,2.3709894845229043
2015-10-07,-1.3003225625096193
2015-10-08,-0.31718445065502465
2015-10-09,0.5909321523205797
2015-10-10,0.492733544951407
2015-10-11,0.9430333231667096
2015-10-12,-0.6347347211234178
2015-10-13,1.7569325900668393
2015-10-14,1.0004297656141508
2015-10-15,0.8778069400930294
2015-10-16,3.3712612904362014
2015-10-17,3.0040324313500797
2015-10-18,-3.4196263388832646
2015-10-19,0.6018534003382723
2015-10-20,2.235071225476966
2015-10-21,-1.1265982134752786
2015-10-22,2.8244356367751378
2015-10-23,1.0403895201590734
2015-10-24,1.862538674814577
2015-10-25,0.7941108541278346
2015-10-26,0.5895035486633092
2015-10-27,3.0180813715761614
2015-10-28,3.7163421674428467
2015-10-29,3.1318613381809968
2015-10-30,4.482349277029778
2015-10-31,-4.366966378288405
2015-11-01,3.309787054629666
2015-11-02,10.813890441307482
2015-11-03,11.480272906041852
2015-11-04,1.9568222055327853
2015-11-05,-5.323258150862554
2015-11-06,-3.4988019369079875
2015-11-07,3.2631561180416373
2015-11-08,-2.8390912912954076
2015-11-09,1.5849860861649283
2015-11-10,-11.359690815011039
2015-11-11,-8.456239130212222
2015-11-12,7.6646312805578765
2015-11-13,-0.5155112261179204
2015-11-14,-1.1044925907676855
2015-11-15,-3.8687798457219853
2015-11-16,3.445360136740442
2015-11-17,1.4323665058027943
2015-11-18,-0.0008938390139386898
2015-11-19,-2.548710599237095
2015-11-20,-1.3446260769144178
2015-11-21,1.5011212006165064
2015-11-22,-0.74592715522604
2015-11-23,-0.4020397992115579
2015-11-24,-0.9188510431693522
2015-11-25,2.549947626805332
2015-11-26,7.4263655143187295
2015-11-27,1.7566595584079179
2015-11-28,0.06720616167281733
2015-11-29,3.8666027184371865
2015-11-30,1.58411857189994
2015-12-01,-3.954806873914358
2015-12-02,-0.734565765171899
2015-12-03,0.4772748157510615
2015-12-04,0.5317527287299963
2015-12-05,6.936084595176689
2015-12-06,-0.19817565898088857
2015-12-07,1.4252121815203447
2015-12-08,5.0053797532045445
2015-12-09,0.7532987054949695
2015-12-10,-0.6002570997203619
2015-12-11,8.827030830850957
2015-12-12,-3.8329960107577103
2015-12-13,0.4853359595351877
2015-12-14,2.5180495352090166
2015-12-15,4.830837331387005
2015-12-16,-2.2084781778144436
2015-12-17,0.2860731413415784
2015-12-18,1.7043026956736194
2015-12-19,-0.26534476847162997
2015-12-20,-4.229245546359142
2015-12-21,-0.9482034076966609
2015-12-22,-0.197517731213892
2015-12-23,1.3008334264471655
2015-12-24,2.6843203409332306
2015-12-25,0.17544143322951497
2015-12-26,-8.44355842520793
2015-12-27,1.514712678055654
2015-12-28,-0.25133175553842224
2015-12-29,2.578787384301426
2015-12-30,-1.5416554036398946
2015-12-31,1.1017284611645144
2016-01-01,0.8388275756621051
2016-01-02,-0.27242545725248696
2016-01-03,-0.8226931665029502
2016-01-04,0.7045509233841539
2016-01-05,-0.25608131462591444
2016-01-06,-0.6370124860637619
2016-01-07,6.520070117667097
2016-01-08,-0.9415575211912806
2016-01-09,-1.2730965276101676
2016-01-10,-0.05510672314958275
2016-01-11,-0.06017165551152505
2016-01-12,-2.7872614705623477
2016-01-13,-0.5277642098073713
2016-01-14,-0.45848939934754246
2016-01-15,-15.322078879343731
2016-01-16,6.153019482538742
2016-01-17,-1.2535119862950113
2016-01-18,1.4237693713306825
2016-01-19,-1.776886861038737
2016-01-20,10.662564331705687
2016-01-21,-2.232907731871006
2016-01-22,-6.652577349302173
2016-01-23,1.3223214886338908
2016-01-24,3.8312142033632055
2016-01-25,-2.632494591759479
2016-01-26,0.03852045936194193
2016-01-27,0.6441644202913065
2016-01-28,-3.759874774330591
2016-01-29,-0.16679540622569572
2016-01-30,-0.16100335667994775
2016-01-31,-2.518154180755661
2016-02-01,1.0033825886292507
2016-02-02,0.4097352150923707
2016-02-03,-1.2537144439738035
2016-02-04,5.246176749578833
2016-02-05,-0.6040141531976134
2016-02-06,-2.60405401181015
2016-02-07,0.028149696079735373
2016-02-08,-0.8785497441066527
2016-02-09,0.6978647592312387
2016-02-10,1.4629933004217732
2016-02-11,-0.6437926599490376
2016-02-12,1.2054686750872288
2016-02-13,1.876813523669945
2016-02-14,3.6387985457139225
2016-02-15,-1.8114758099998292
2016-02-16,1.5085991283037927
2016-02-17,2.12580827532596
2016-02-18,1.392555188260184
2016-02-19,-0.4601062791072231
2016-02-20,3.6914020115205024
2016-02-21,0.23413821146484717
2016-02-22,-0.2827013418059851
2016-02-23,-3.9974472067595404
2016-02-24,0.9499788529497779
2016-02-25,-0.11598542521144327
2016-02-26,1.7716666296542327
2016-02-27,-0.07392513488428759
2016-02-28,0.21568329068981473
2016-02-29,0.9826094621829238
2016-03-01,-0.6380219076906609
2016-03-02,-2.560607721512125
2016-03-03,-0.5333622062685177
2016-03-04,-2.5832321593388046
2016-03-05,-2.4857523569752837
2016-03-06,1.7931482292946963
2016-03-07,1.6097886887590438
2016-03-08,-0.11895129358702053
2016-03-09,0.23338653648790902
2016-03-10,0.5755415375828594
2016-03-11,1.0670158948307469
2016-03-12,-2.367386014472659
2016-03-13,0.5871502174902263
2016-03-14,0.5400758502204829
2016-03-15,0.10614765158122208
2016-03-16,0.029500930633562402
2016-03-17,0.6537608263025064
2016-03-18,-2.6154016070843373
2016-03-19,0.2880738771956564
2016-03-20,0.8172504205080003
2016-03-21,-0.026847508293606475
2016-03-22,1.1998588514327118
2016-03-23,-0.02870321040993118
2016-03-24,-0.48515351050893785
2016-03-25,0.16062269025200174
2016-03-26,0.13897118910670805
2016-03-27,2.0627061983655643
2016-03-28,-0.5432018387186206
2016-03-29,-1.8354751897585033
2016-03-30,-0.4841268464172263
2016-03-31,0.35448298801342615
2016-04-01,0.2879311021534824
2016-04-02,0.5857695787249398
2016-04-03,-0.06387219705937286
2016-04-04,0.03441475289684525
2016-04-05,0.71564818059878
2016-04-06,-0.20528754425864418
2016-04-07,-0.20655304520220902
2016-04-08,-0.6048643880922948
2016-04-09,-0.33268946891882634
2016-04-10,0.46997674263162104
2016-04-11,0.1448288623573865
2016-04-12,0.5550560025069926
2016-04-13,-0.44592036959057246
2016-04-14,0.08185579932249228
2016-04-15,1.245446382502144
2016-04-16,0.23208490518184044
2016-04-17,-0.7516788225989658
2016-04-18,0.2291828329190695
2016-04-19,1.5875792120298353
2016-04-20,1.3932157128889595
2016-04-21,1.814388911085284
2016-04-22,-0.8786066945288545
2016-04-23,0.9915692520444768
2016-04-24,1.774457377598826
2016-04-25,0.5020447038471327
2016-04-26,0.9619837853224268
2016-04-27,-4.627222890664532
2016-04-28,0.8927309563426742
2016-04-29,1.265886565041465
2016-04-30,-1.5071061723107582
2016-05-01,0.7561008072714583
2016-05-02,-1.6073195240631994
2016-05-03,1.2540268475258107
2016-05-04,-0.7688048961749574
2016-05-05,0.28318412857209807
2016-05-06,2.603241291161571
2016-05-07,-0.2399702392551687
2016-05-08,0.025962266441953267
2016-05-09,0.49693982361310346
2016-05-10,-2.0896069741437087
2016-05-11,0.41342469076572275
2016-05-12,0.5125462850764779
2016-05-13,0.18028082075745452
2016-05-14,-0.03334804459010493
2016-05-15,0.39691821068946537
2016-05-16,-0.7480570125284627
2016-05-17,-0.04978165240267052
2016-05-18,0.2045397629994376
2016-05-19,-3.478142174463794
2016-05-20,1.1153663063680637
2016-05-21,0.05011329573112527
2016-05-22,-0.8787975956264136
2016-05-23,1.0941228648103662
2016-05-24,0.380381888909503
2016-05-25,0.7929362312336146
2016-05-26,0.8254918339186577
2016-05-27,4.39736932486803
2016-05-28,12.052323922753569
2016-05-29,-0.235843189157184
2016-05-30,1.0204921909404538
2016-05-31,-0.525091734235508
2016-06-01,1.0945041846627601
2016-06-02,0.2715618715346596
2016-06-03,5.860706233422503
2016-06-04,0.5304451541758897
2016-06-05,0.2911186301231609
2016-06-06,1.903055985487577
2016-06-07,-1.51133280671014
2016-06-08,0.7758633817186926
2016-06-09,-1.3007487094307533
2016-06-10,0.283586444790526
2016-06-11,4.847803421476332
2016-06-12,10.3496193787145
2016-06-13,4.871851469310536
2016-06-14,-2.6891268981651786
2016-06-15,1.2810542177978208
2016-06-16,10.019047772605855
2016-06-17,-2.547603660455801
2016-06-18,0.9977894649148676
2016-06-19,0.9373767904306454
2016-06-20,-3.495227777165237
2016-06-21,-9.407883927178458
2016-06-22,-10.481660947480059
2016-06-23,4.44125998390357
2016-06-24,6.34999772182253
2016-06-25,-0.023752372026182838
2016-06-26,-5.490662578659642
2016-06-27,4.119498947460706
2016-06-28,-1.686822613600773
2016-06-29,-0.6570175476000624
2016-06-30,5.111837585130995
2016-07-01,0.5622188021112883
2016-07-02,3.985024725797534
2016-07-03,-6.568243517252867
2016-07-04,3.77319666902758
2016-07-05,-1.8415990571836147
2016-07-06,1.0311422963077
2016-07-07,-5.534370607211075
2016-07-08,4.032387440564151
2016-07-09,-2.314574005304068
2016-07-10,-0.19044198864965747
2016-07-11,-0.1272216732948936
2016-07-12,2.509398652860541
2016-07-13,-1.5537042943494301
2016-07-14,0.7895310021322759
2016-07-15,0.6195637016708924
2016-07-16,-0.45406196082383454
2016-07-17,2.6383970707239928
2016-07-18,-0.986012648061935
2016-07-19,0.018735020489217203
2016-07-20,-1.0584079800755748
2016-07-21,-0.032470582881369246
2016-07-22,-2.151076153089356
2016-07-23,0.7422505005161095
2016-07-24,0.896385505367408
2016-07-25,-1.0836861611353672
2016-07-26,-0.3732680377044566
2016-07-27,0.4181802667358045
2016-07-28,0.08296033356470091
2016-07-29,0.2871240720152415
2016-07-30,-0.2990853719430145
2016-07-31,-4.643405044442652
2016-08-01,-2.9346715813849817
2016-08-02,-9.718377310268693
2016-08-03,3.2258782224852545
2016-08-04,2.111850603756935
2016-08-05,-0.5599312516597084
2016-08-06,2.21692523700571
2016-08-07,0.8368916432330499
2016-08-08,-0.2837699702421498
2016-08-09,-0.5476804156980584
2016-08-10,0.7581097888715495
2016-08-11,-0.5073309309210255
2016-08-12,-0.21042066926191366
2016-08-13,-0.3011766182696773
2016-08-14,-2.5813270184661916
2016-08-15,-0.5703878067918023
2016-08-16,1.7974739686813952
2016-08-17,-0.7866545193785445
2016-08-18,0.10650436214674751
2016-08-19,0.22478286328224215
2016-08-20,0.9743435439304301
2016-08-21,-0.10843790369887679
2016-08-22,0.9361627156257445
2016-08-23,-0.571946822311928
2016-08-24,-0.5536362877410572
2016-08-25,-0.41694066982555356
2016-08-26,0.3285158682661615
2016-08-27,-1.6403437127320293
2016-08-28,0.7163487518068314
2016-08-29,0.006272872727984103
2016-08-30,0.5902968696246041
2016-08-31,-0.3668718075849409
2016-09-01,-0.563472229262591
2016-09-02,0.5462892519111807
2016-09-03,3.936545197278485
2016-09-04,1.6779339551083332
2016-09-05,-0.39408913404021695
2016-09-06,0.6479726162660459
2016-09-07,0.6503740442967292
2016-09-08,1.9004724841065401
2016-09-09,-0.557349039202405
2016-09-10,0.09342510647620683
2016-09-11,-2.6795594633694986
2016-09-12,0.20394824824512803
2016-09-13,0.19999233076641543
2016-09-14,0.3027091749370517
2016-09-15,-0.5622421873766102
2016-09-16,-0.04494870801612766
2016-09-17,-0.20322334867208247
2016-09-18,0.5922982005752143
2016-09-19,-0.10559314404161838
2016-09-20,-0.15461803414900674
2016-09-21,-1.0667915438136162
2016-09-22,-0.16424787746431851
2016-09-23,1.1142262321813277
2016-09-24,-0.05572475433278945
2016-09-25,-0.3190440122161646
2016-09-26,1.2043839147825872
2016-09-27,-0.30524505934249846
2016-09-28,-0.24989214900100026
2016-09-29,0.11140331966356865
2016-09-30,0.6636715811663301
2016-10-01,0.664660144217842
2016-10-02,-0.4977570165556475
2016-10-03,0.19067741581003186
2016-10-04,-0.3019387985073585
2016-10-05,0.3757622167730299
2016-10-06,0.08996773996811866
2016-10-07,0.7366865435172709
2016-10-08,0.28622232504475004
2016-10-09,-0.3908417889708664
2016-10-10,0.3521270309198129
2016-10-11,3.525953874563296
2016-10-12,-0.7300931521148034
2016-10-13,0.11885939507419643
2016-10-14,0.529034979221
2016-10-15,-0.26002647067374396
2016-10-16,0.3986921263223521
2016-10-17,-0.4089944544962287
2016-10-18,-0.2269258341120893
2016-10-19,-1.1931589554543596
2016-10-20,0.030756476740099934
2016-10-21,0.3175192301980071
2016-10-22,3.815613160710671
2016-10-23,-0.08363294612761175
2016-10-24,-0.5173807268667027
2016-10-25,0.5483161301515637
2016-10-26,3.136191004024353
2016-10-27,1.4890579055275905
2016-10-28,0.23997107217478197
2016-10-29,3.5043296923568676
2016-10-30,-1.7159583726955023
2016-10-31,-0.2373946473843851
2016-11-01,4.057401177734525
2016-11-02,1.4742503825429814
2016-11-03,-7.226548737905235
2016-11-04,2.0476665207046425
2016-11-05,-0.015208361492949237
2016-11-06,1.0954574245858388
2016-11-07,-1.070023364279317
2016-11-08,0.9613339572078778
2016-11-09,1.8945511662179477
2016-11-10,-1.0112828795491982
2016-11-11,0.11962994810576531
2016-11-12,-1.6320844330771724
2016-11-13,-0.4488082887114351
2016-11-14,0.43076918796552
2016-11-15,0.8253133569629658
2016-11-16,4.644620211882153
2016-11-17,-0.523441074633597
2016-11-18,1.4688714983407234
2016-11-19,-0.02886012960511874
2016-11-20,-2.7734551115670003
2016-11-21,1.0916659530394925
2016-11-22,1.5823822313191995
2016-11-23,-0.9507308270798785
2016-11-24,-0.5816381081281793
2016-11-25,0.16300671595912822
2016-11-26,-0.8265511095804762
2016-11-27,-0.4625873487476555
2016-11-28,0.4544781117735179
2016-11-29,-0.098458108553256
2016-11-30,1.2776296192154089
2016-12-01,1.4379764804980162
2016-12-02,2.6927756472021334
2016-12-03,-0.911400565375625
2016-12-04,0.28951513373484095
2016-12-05,-1.899933290122779
2016-12-06,0.725436067698571
2016-12-07,0.5130808788840168
2016-12-08,0.35595550818382193
2016-12-09,0.370161561510237
2016-12-10,0.21047422115181832
2016-12-11,-0.6480778367763059
2016-12-12,1.3047370730089205
2016-12-13,-0.011649617048159047
2016-12-14,0.18923124522970278
2016-12-15,-0.25407907114706924
2016-12-16,0.7630618693942345
2016-12-17,0.7212441387544931
2016-12-18,-0.060424965518571745
2016-12-19,0.2557219010431583
2016-12-20,1.0891763785927386
2016-12-21,4.2012460825030145
2016-12-22,3.639500541625007
2016-12-23,6.601549364605244
2016-12-24,-2.5329080414801854
2016-12-25,-0.38559289894679055
2016-12-26,1.193543987938109
2016-12-27,2.735056380418522
2016-12-28,4.395449780171676
2016-12-29,-0.16695200334892962
2016-12-30,-1.1616031692706665
2016-12-31,0.32436801702887613
2017-01-01,3.597437209809905
2017-01-02,2.316503274395418
2017-01-03,2.1769763866350096
2017-01-04,10.563955713864107
2017-01-05,-12.392691294112293
2017-01-06,-11.046596717109654
2017-01-07,0.5642607435073974
2017-01-08,0.33297402560657285
2017-01-09,-1.1405512013628656
2017-01-10,0.5805387236494052
2017-01-11,-14.354786848938836
2017-01-12,3.8257028297118008
2017-01-13,2.5191087743433593
2017-01-14,-0.8156221921726159
2017-01-15,0.4468594321627335
2017-01-16,1.1865634023769742
2017-01-17,9.265584753704932
2017-01-18,-2.5022741204256587
2017-01-19,1.2087754967009816
2017-01-20,-0.35026655295552694
2017-01-21,2.930045134919161
2017-01-22,0.2676147382885254
2017-01-23,-0.48481947555742205
2017-01-24,-1.9754523498223788
2017-01-25,1.0783408492123228
2017-01-26,1.6834067869520402
2017-01-27,0.1514648626109476
2017-01-28,0.19341503683133776
2017-01-29,-0.27883493017143196
2017-01-30,0.025106538618246646
2017-01-31,5.3687549174921685
2017-02-01,1.8623203305880094
2017-02-02,2.201918154278967
2017-02-03,1.824097028674261
2017-02-04,1.1218590414687308
2017-02-05,-1.5505264305523907
2017-02-06,0.9480746566060346
2017-02-07,2.0391447919315815
2017-02-08,0.07060019936742497
2017-02-09,-6.60439173393509
2017-02-10,-0.698853359415685
2017-02-11,1.572659848828285
2017-02-12,-0.43237695047071933
2017-02-13,-0.8252182059439809
2017-02-14,1.29218013185887
2017-02-15,0.12621206988219216
2017-02-16,1.9639673014145203
2017-02-17,1.9578573574154097
2017-02-18,0.4965720114930226
2017-02-19,-0.6532305533624193
2017-02-20,2.983726440680965
2017-02-21,3.3374118443307226
2017-02-22,0.23680413190688754
2017-02-23,4.425962417985734
2017-02-24,0.08272231035387287
2017-02-25,-2.2701504245046333
2017-02-26,1.8291077528360782
2017-02-27,1.3911513343317579
2017-02-28,-0.06352056529994754
2017-03-01,3.5981796830582913
2017-03-02,2.1499456919302604
2017-03-03,1.9412997461597983
2017-03-04,-1.7441290998400625
2017-03-05,1.0228859079736499
2017-03-06,0.4228885476938807
2017-03-07,-3.9011571852946116
2017-03-08,-5.986607722015428
2017-03-09,3.315514013812245
2017-03-10,-6.107487686073941
2017-03-11,5.330909831312406
2017-03-12,3.8041177229158887
2017-03-13,0.8299378288473908
2017-03-14,0.636278210852048
2017-03-15,0.7619944935675771
2017-03-16,-5.076190908208503
2017-03-17,-6.772814821381047
2017-03-18,-11.446130723104224
2017-03-19,6.14397130892052
2017-03-20,1.6379999223261665
2017-03-21,6.176096745720813
2017-03-22,-6.381118833510432
2017-03-23,-1.0913844554935417
2017-03-24,-9.719287051506633
2017-03-25,3.869457206536563
2017-03-26,-0.7484524317247078
2017-03-27,7.583421453610663
2017-03-28,0.2460384525356954
2017-03-29,-0.5840839714209264
2017-03-30,-1.5140814056668568
2017-03-31,4.39784381768167
2017-04-01,0.820188239625088
2017-04-02,1.9951748443945494
2017-04-03,3.7046202666278267
2017-04-04,-1.071130955552477
2017-04-05,-0.8252936348836896
2017-04-06,5.051473353171479
2017-04-07,-0.17302976348008609
2017-04-08,0.2814076398848303
2017-04-09,0.960423038491311
2017-04-10,-0.014321901652436953
2017-04-11,1.4779486808354558
2017-04-12,-0.36852808829841
2017-04-13,-2.6427528033015553
2017-04-14,-0.23838721531085305
2017-04-15,0.44718328491165826
2017-04-16,0.8809370706143574
2017-04-17,0.9009114033118529
2017-04-18,1.4994533386833744
2017-04-19,-0.15179607904272496
2017-04-20,1.486276765626463
2017-04-21,-0.5994692500324433
2017-04-22,0.7360699010826202
2017-04-23,-2.0058187322512167
2017-04-24,3.3497862460162375
2017-04-25,1.2027701747203108
2017-04-26,1.191949852424889
2017-04-27,2.7966717203935834
2017-04-28,-0.09561899729558128
2017-04-29,0.2997384617735969
2017-04-30,1.968425006041782
2017-05-01,5.436469932751329
2017-05-02,2.2371038146123583
2017-05-03,2.497622459499523
2017-05-04,3.1494897878132435
2017-05-05,0.9462158456514467
2017-05-06,1.4125030932956795
2017-05-07,1.0915047803473183
2017-05-08,7.9171109486652975
2017-05-09,1.8255207951617984
2017-05-10,1.742649386924219
2017-05-11,3.8306616803764966
2017-05-12,-6.583738887412596
2017-05-13,4.74662468628237
2017-05-14,0.4470113664363238
2017-05-15,-3.8712862999958153
2017-05-16,-0.4162599875553739
2017-05-17,6.507096455292939
2017-05-18,3.84615797658736
2017-05-19,4.761325732608775
2017-05-20,5.0644070641125065
2017-05-21,-1.2496227804579312
2017-05-22,6.372875976860058
2017-05-23,5.879823497236714
2017-05-24,5.267138337197313
2017-05-25,-5.774576915165664
2017-05-26,-5.104506296570771
2017-05-27,-7.166697310181213
2017-05-28,4.952093727328136
2017-05-29,4.45396140768398
2017-05-30,-3.542234184946776
2017-05-31,4.536413085336872
2017-06-01,5.224325189373733
2017-06-02,3.5157638840297776
2017-06-03,0.86738395678911
2017-06-04,-1.4122035143048681
2017-06-05,6.941974328501504
2017-06-06,6.405429444020381
2017-06-07,-4.782216935619732
2017-06-08,3.1292203705476926
2017-06-09,0.5830976807753254
2017-06-10,4.227869656418418
2017-06-11,0.5335828719134764
2017-06-12,-9.94135522592734
2017-06-13,1.3469347574407338
2017-06-14,-7.748217613768091
2017-06-15,-1.4002351957555372
2017-06-16,1.9837457078883705
2017-06-17,5.643170571946179
2017-06-18,-4.031862265101945
2017-06-19,1.591588482406614
2017-06-20,5.037318864372905
2017-06-21,-0.7503362145285225
2017-06-22,0.5343635208804133
2017-06-23,1.387702431134976
2017-06-24,-4.739788203204108
2017-06-25,-0.68424922391888
2017-06-26,-4.328009443053065
2017-06-27,2.9857371122225365
2017-06-28,0.8523209486735995
2017-06-29,-1.0998765205064769
2017-06-30,-2.29989692066718
2017-07-01,-2.3288953925143665
2017-07-02,2.8759674588711612
2017-07-03,2.6215099282770487
2017-07-04,1.5868759304226865
2017-07-05,-0.033813710000866685
2017-07-06,0.017635862132490257
2017-07-07,-3.4474629110459407
2017-07-08,2.026372887174749
2017-07-09,-2.10565005009295
2017-07-10,-6.046527726215226
2017-07-11,-2.0160131305828894
2017-07-12,2.832258122583863
2017-07-13,-1.8645710966229703
2017-07-14,-5.3906013014613645
2017-07-15,-10.369850935544655
2017-07-16,-3.1205150046267076
2017-07-17,15.305125567339056
2017-07-18,3.821763966063063
2017-07-19,-2.1372550585707115
2017-07-20,24.129373273522074
2017-07-21,-6.012165530275043
2017-07-22,5.301980438961502
2017-07-23,-2.767002336467693
2017-07-24,0.8109253356006747
2017-07-25,-6.56464259406165
2017-07-26,-1.8744910520823606
2017-07-27,5.24164124326493
2017-07-28,4.824367762391522
2017-07-29,-2.870306153813237
2017-07-30,1.2035736570535565
2017-07-31,4.056835383550663
2017-08-01,-5.329991169852166
2017-08-02,-0.6035635134665744
2017-08-03,3.512375434275953
2017-08-04,3.1692975280470828
2017-08-05,12.261056230964625
2017-08-06,-1.340558402496678
2017-08-07,5.171842161436104
2017-08-08,1.4752737546906167
2017-08-09,-2.278386559046073
2017-08-10,1.180186375439184
2017-08-11,8.204351246352259
2017-08-12,6.412046294451006
2017-08-13,4.979844763401232
2017-08-14,6.370472416691314
2017-08-15,-3.352447099171759
2017-08-16,4.197042278015078
2017-08-17,-1.2031183162491024
2017-08-18,-3.786005089288376
2017-08-19,1.3521888783155096
2017-08-20,-2.4264173590077145
2017-08-21,-2.1694273204633996
2017-08-22,2.555302046583912
2017-08-23,1.528732128714157
2017-08-24,4.763149494235471
2017-08-25,0.8950354506027137
2017-08-26,-0.449677177040509
2017-08-27,0.8694802031517858
2017-08-28,-0.04082699044942431
2017-08-29,4.3244697857472305
2017-08-30,-0.1107146646023006
2017-08-31,3.2443722555822987
2017-09-01,4.046357310531587
2017-09-02,-6.582784325492414
2017-09-03,-0.050379990358477435
2017-09-04,-7.738424770445714
2017-09-05,3.50590297080514
2017-09-06,5.038860878234427
2017-09-07,0.23402523727307556
2017-09-08,-8.173660491245808
2017-09-09,-0.08865646324664356
2017-09-10,-2.5157567439510635
2017-09-11,0.9411785329047087
2017-09-12,-0.9131907200230127
2017-09-13,-6.035602634982591
2017-09-14,-18.589712575336176
2017-09-15,14.882353644201457
2017-09-16,-0.3493907205690331
2017-09-17,-0.6488721423260463
2017-09-18,13.20239402737284
2017-09-19,-3.6531109098009114
2017-09-20,-0.2658120286301498
2017-09-21,-6.931488225497939
2017-09-22,0.07386760894917152
2017-09-23,4.476131263656708
2017-09-24,-2.9848614350863043
2017-09-25,6.640898338381161
2017-09-26,-0.9179239249440379
2017-09-27,7.9048221935216505
2017-09-28,-0.5336957151476048
2017-09-29,-0.20496336503704932
2017-09-30,4.142955978609486
2017-10-01,1.444130625265031
2017-10-02,0.3073327883808034
2017-10-03,-2.063758801824351
2017-10-04,-2.0838745341151497
2017-10-05,2.329387031481991
2017-10-06,1.0718123898689482
2017-10-07,1.3169015477465373
2017-10-08,4.08179529812949
2017-10-09,3.4131393803336256
2017-10-10,0.1210221804479763
2017-10-11,0.777365568069113
2017-10-12,12.782272332974085
2017-10-13,3.3500080424642107
2017-10-14,3.3358600215315017
2017-10-15,-2.7034116167223585
2017-10-16,0.6684756531577608
2017-10-17,-2.369910558565889
2017-10-18,-0.23430237274501392
2017-10-19,2.2346989637532246
2017-10-20,5.314199258541913
2017-10-21,0.580478195284489
2017-10-22,-0.46781222802084915
2017-10-23,-1.2600761868339994
2017-10-24,-6.888695202224097
2017-10-25,4.094408699866126
2017-10-26,2.7293187568054575
2017-10-27,-2.014331602920812
2017-10-28,-0.6000528959699936
2017-10-29,6.9409040726280224
2017-10-30,0.2564198181409196
2017-10-31,5.485629233777582
2017-11-01,5.0666255682711085
2017-11-02,4.437004790692919
2017-11-03,1.696359438524736
2017-11-04,3.0074787762845063
2017-11-05,0.03903206029731232
2017-11-06,-5.13912106053406
2017-11-07,1.7268696653878466
2017-11-08,4.457262655356593
2017-11-09,-4.072202491779613
2017-11-10,-7.744783331163188
2017-11-11,-3.9435738171097077
2017-11-12,-5.486190190987694
2017-11-13,10.461671946701468
2017-11-14,1.131909565407897
2017-11-15,10.26081271193351
2017-11-16,7.48916721940718
2017-11-17,-1.8409410380219335
2017-11-18,1.2074497366956345
2017-11-19,3.482608961089742
2017-11-20,2.009807449762406
2017-11-21,-1.6388584686929573
2017-11-22,2.17381396430121
2017-11-23,-2.3518091492044384
2017-11-24,2.225290620058198
2017-11-25,6.663786562989253
2017-11-26,6.161193523050114
2017-11-27,4.9785505866285344
2017-11-28,2.396007552097624
2017-11-29,-1.8734001998980934
2017-11-30,3.2988442171872925
2017-12-01,7.618693053561467
2017-12-02,0.877183228739864
2017-12-03,2.170048776576317
2017-12-04,3.020660276155026
2017-12-05,1.9767749996928838
2017-12-06,19.860941776617373
2017-12-07,25.47016850343013
2017-12-08,-6.92864630445026
2017-12-09,-8.140628823169932
2017-12-10,1.8920914045582788
2017-12-11,9.783893283422138
2017-12-12,2.929110193331639
2017-12-13,-6.238861607142857
2017-12-14,1.094933015771408
2017-12-15,6.6597167531817565
2017-12-16,9.780800622526057
2017-12-17,-1.7200833165356446
2017-12-18,0.04081788283274267
2017-12-19,-7.017368216195011
2017-12-20,-6.394605507323325
2017-12-21,-5.044344447288429
2017-12-22,-12.996604574867906
2017-12-23,5.3804296421268525
2017-12-24,-4.671351579943226
2017-12-25,0.21934436437232385
2017-12-26,14.698718013830753
2017-12-27,-2.010703127416711
2017-12-28,-7.927330515699818
2017-12-29,-0.2694620905380663
2017-12-30,-11.781173753344525
2017-12-31,9.759105702968334
2018-01-01,-3.224160610697208
2018-01-02,9.960364105504588
2018-01-03,1.4874938362569508
2018-01-04,2.1511783729526464
2018-01-05,12.614037293894945
2018-01-06,0.3716643019843758
2018-01-07,-5.988949382314064
2018-01-08,-7.92718995463864
2018-01-09,-3.4931914668028354
2018-01-10,2.6376927352880695
2018-01-11,-10.438131306623541
2018-01-12,3.914844048622633
2018-01-13,2.9227931629708093
2018-01-14,-4.166781340118468
2018-01-15,0.3813383942007623
2018-01-16,-16.95275168289248
2018-01-17,-2.1214057114953158
2018-01-18,2.4654480011503743
2018-01-19,1.5538381159105152
2018-01-20,10.663852534892701
2018-01-21,-10.001400912419031
2018-01-22,-6.0319196285786765
2018-01-23,-0.6953228505185253
2018-01-24,4.182181554958575
2018-01-25,-1.420977629531095
2018-01-26,-0.7515956767501777
2018-01-27,2.378542943528055
2018-01-28,2.7101688434576743
2018-01-29,-3.9054026572668112
2018-01-30,-10.617504693965701
2018-01-31,1.1169091616809796
2018-02-01,-10.4203235811903
2018-02-02,-3.4075773671327685
2018-02-03,3.64647152082542
2018-02-04,-9.794243606025894
2018-02-05,-15.90307299546477
2018-02-06,9.9585209345198
2018-02-07,-1.7302636665406639
2018-02-08,8.218663234272475
2018-02-09,5.623182191461902
2018-02-10,-1.1259035079997877
2018-02-11,-5.64243662271786
2018-02-12,9.64376184241374
2018-02-13,-3.6789567311358184
2018-02-14,10.403701070072646
2018-02-15,7.1464711960840015
2018-02-16,0.9688545775842409
2018-02-17,8.867991137031595
2018-02-18,-5.138721666616039
2018-02-19,6.3747343802835905
2018-02-20,1.530479474476199
2018-02-21,-5.9953201049743265
2018-02-22,-6.1479903813122645
2018-02-23,3.663346292489062
2018-02-24,-4.613566431774139
2018-02-25,-1.3442610073394559
2018-02-26,7.211082042551954
2018-02-27,3.1912872577572826
2018-02-28,-2.7069746930949177
2018-03-01,5.450168512277323
2018-03-02,0.9929491147383945
2018-03-03,3.493093894221728
2018-03-04,0.13219700309292062
2018-03-05,0.35464788489088744
2018-03-06,-6.262547657960164
2018-03-07,-7.759513211103412
2018-03-08,-5.5914585229544835
2018-03-09,-0.819364434509192
2018-03-10,-5.1824521431009325
2018-03-11,8.199114706968272
2018-03-12,-4.142585473996786
2018-03-13,0.2377572780629547
2018-03-14,-10.253680609237032
2018-03-15,0.12182943690370657
2018-03-16,0.18550546425646453
2018-03-17,-4.867034921463437
2018-03-18,4.222277709759133
2018-03-19,3.4339183690236585
2018-03-20,3.4084809203876216
2018-03-21,-0.09175063756695273
2018-03-22,-2.359998981864405
2018-03-23,1.6410944877664904
2018-03-24,-2.626728671747994
2018-03-25,-1.3587818924777852
2018-03-26,-3.401428083387715
2018-03-27,-4.475121474847561
2018-03-28,1.5012435024225805
2018-03-29,-10.193790088632154
2018-03-30,-3.917341236851583
2018-03-31,1.1759164323606477
2018-04-01,-2.2680096528672906
2018-04-02,3.4907937661079935
2018-04-03,4.982218467548703
2018-04-04,-8.081238825025236
2018-04-05,-0.5428761585152183
2018-04-06,-2.635580868260286
2018-04-07,4.231651683549736
2018-04-08,1.4962476676917544
2018-04-09,-3.88383620529811
2018-04-10,0.5786207303395451
2018-04-11,1.8243611129364807
2018-04-12,13.426586799309046
2018-04-13,-0.06492626857746582
2018-04-14,1.4168252587968098
2018-04-15,4.122598645345545
2018-04-16,-3.3451039112301335
2018-04-17,-2.1008108520116435
2018-04-18,2.756519237356312
2018-04-19,1.6550445132713971
2018-04-20,6.745001776504535
2018-04-21,0.5287732995804842
2018-04-22,-1.3736559225083953
2018-04-23,1.5520148621030252
2018-04-24,8.541875164776357
2018-04-25,-8.816486650952726
2018-04-26,4.670965280696236
2018-04-27,-3.267594145436982
2018-04-28,4.577677583939893
2018-04-29,0.7775169360228129
2018-04-30,-1.9685802516012443
2018-05-01,-1.4317720843552624
2018-05-02,1.442351318390537
2018-05-03,5.521900548723321
2018-05-04,0.05424955520602342
2018-05-05,1.627479956633824
2018-05-06,-1.935030729754423
2018-05-07,-2.82676225143933
2018-05-08,-1.5568897433076019
2018-05-09,1.099871891245196
2018-05-10,-3.024026828672442
2018-05-11,-6.754362431745228
2018-05-12,0.7516397145546033
2018-05-13,2.4478942441979012
2018-05-14,0.04235495808551555
2018-05-15,-2.23786657452815
2018-05-16,-1.5942325879633223
2018-05-17,-3.294245397611998
2018-05-18,1.9666706653629469
2018-05-19,-0.10357389067347633
2018-05-20,3.228568945252044
2018-05-21,-1.212577344489992
2018-05-22,-4.490453258411354
2018-05-23,-5.963114081825329
2018-05-24,0.3467704011591991
2018-05-25,-1.477281862598503
2018-05-26,-1.7444793547430653
2018-05-27,0.0834021995630587
2018-05-28,-3.1923745216008834
2018-05-29,4.812845358449556
2018-05-30,-0.8462148043205889
2018-05-31,1.1884720224660208
2018-06-01,0.5432826128081533
2018-06-02,1.4161329786203654
2018-06-03,1.1551247175397876
2018-06-04,-2.694189289012763
2018-06-05,1.771252316535197
2018-06-06,0.3672944535041552
2018-06-07,0.3583983257513189
2018-06-08,-0.7835929309346549
2018-06-09,-1.3172587665046787
2018-06-10,-9.514301574612746
2018-06-11,1.5829576646114105
2018-06-12,-4.6838748935082855
2018-06-13,-3.743890821966173
2018-06-14,5.243783810748493
2018-06-15,-3.258876091596191
2018-06-16,1.4671317734938425
2018-06-17,-0.7067382953463365
2018-06-18,3.4523439236225313
2018-06-19,0.40860591168501237
2018-06-20,0.08551535223411562
2018-06-21,-0.7426097667630925
2018-06-22,-9.709136297828755
2018-06-23,1.1884842884660483
2018-06-24,0.14519450161967518
2018-06-25,1.250977536343387
2018-06-26,-2.5566260413031037
2018-06-27,1.195351746040459
2018-06-28,-4.058405900423372
2018-06-29,5.428329457579328
2018-06-30,3.053959766390767
2018-07-01,-0.4033319013662276
2018-07-02,3.664363208193331
2018-07-03,-1.016731359678341
2018-07-04,0.7125723249729319
2018-07-05,0.5974531610423813
2018-07-06,0.5243513238453235
2018-07-07,2.822438161897352
2018-07-08,-1.2237149561822782
2018-07-09,-0.49195105800467653
2018-07-10,-6.072815181559759
2018-07-11,1.0099867979564405
2018-07-12,-2.625848195560434
2018-07-13,0.048436328859884
2018-07-14,0.4581051170468187
2018-07-15,1.3860050488499194
2018-07-16,6.052220282174973
2018-07-17,8.626414504358282
2018-07-18,0.7581344667103864
2018-07-19,1.2016435664767817
2018-07-20,-1.5168602326453495
2018-07-21,0.9053768166556662
2018-07-22,0.009307742264272213
2018-07-23,3.9974578089400254
2018-07-24,9.17201930823546
2018-07-25,-2.3660866411553645
2018-07-26,-2.7549730867124453
2018-07-27,2.699359351948872
2018-07-28,0.2826559220477178
2018-07-29,0.15403272258162795
2018-07-30,-0.49990509446723314
2018-07-31,-4.898550876873415
2018-08-01,-1.8551826491795547
2018-08-02,-0.8781552407923314
2018-08-03,-1.6893365858124836
2018-08-04,-5.455542838718384
2018-08-05,0.5319225770178335
2018-08-06,-1.573567631053956
2018-08-07,-2.948983550842878
2018-08-08,-6.537128979965984
2018-08-09,4.165687416092584
2018-08-10,-5.884724542563723
2018-08-11,1.7772983032400527
2018-08-12,0.6212955793087451
2018-08-13,-0.6905465074779945
2018-08-14,-1.3987746335984235
2018-08-15,1.400003516078367
2018-08-16,0.643446460101921
2018-08-17,3.780525518504897
2018-08-18,-2.4253376415175856
2018-08-19,1.3001026424832534
2018-08-20,-2.953306546571919
2018-08-21,2.97869959613598
2018-08-22,-1.688803839853536
2018-08-23,2.566807658563771
2018-08-24,2.571005520918817
2018-08-25,0.6434533714834951
2018-08-26,-0.7014492280082637
2018-08-27,2.5904562360781846
2018-08-28,2.977758271633421
2018-08-29,-0.6281955259435155
2018-08-30,-0.9303239652784422
2018-08-31,0.9121040285755675
2018-09-01,2.107082237443331
2018-09-02,1.1563976729560603
2018-09-03,-0.2606078986128616
2018-09-04,1.3583940004130526
2018-09-05,-7.724417246440931
2018-09-06,-3.3451595417754434
2018-09-07,-0.9473251073125071
2018-09-08,-3.6251359366454357
2018-09-09,1.244982339624347
2018-09-10,0.44640259297987733
2018-09-11,-0.16866535211745498
2018-09-12,0.5507358758856993
2018-09-13,2.5663150621309407
2018-09-14,-0.04144321305558637
2018-09-15,0.5192535944301102
2018-09-16,-0.29831656858857103
2018-09-17,-3.574726993406315
2018-09-18,1.4391170417802457
2018-09-19,0.41887271353209216
2018-09-20,1.888149001380787
2018-09-21,3.3939896581858155
2018-09-22,-0.1940568310222975
2018-09-23,-0.06983943474048343
2018-09-24,-1.631075532235715
2018-09-25,-2.380049769839448
2018-09-26,0.6541350436319561
2018-09-27,2.793716059578628
2018-09-28,-0.5183622262773723
2018-09-29,-0.619291236229673
2018-09-30,0.31568528791672257
2018-10-01,-0.4566565711125829
2018-10-02,-0.5633062864161003
2018-10-03,-0.7822873940057241
2018-10-04,1.2123864944558498
2018-10-05,0.735153272178504
2018-10-06,-0.5155212302376401
2018-10-07,0.1861722797039765
2018-10-08,0.7884627491707041
2018-10-09,-0.15691892001384464
2018-10-10,-0.8246665971533564
2018-10-11,-5.0176565074660235
2018-10-12,0.5662552089594102
2018-10-13,0.12599642170162367
2018-10-14,0.038800114420349426
2018-10-15,4.829449892906419
2018-10-16,-0.08029031439187058
2018-10-17,-0.6993354638694829
2018-10-18,-1.0030083533527003
2018-10-19,-0.1954234565583236
2018-10-20,0.4375540924990424
2018-10-21,-0.1192548374534973
2018-10-22,0.017119072408255998
2018-10-23,0.05222779890418941
2018-10-24,0.261614361002797
2018-10-25,-0.12891772735839588
2018-10-26,0.09755147533113188
2018-10-27,-0.0070972427739219275
2018-10-28,0.05753780668502092
2018-10-29,-2.460129420645527
2018-10-30,-0.04371156745381391
2018-10-31,-0.3058292718934801
2018-11-01,0.9439431089996863
2018-11-02,0.14924187241484785
2018-11-03,-0.4067557786566051
2018-11-04,0.16746080979049335
2018-11-05,0.8806314335317011
2018-11-06,0.4294769361640892
2018-11-07,0.9529278305441755
2018-11-08,-1.051011449728765
2018-11-09,-0.8844252259189379
2018-11-10,0.3615700346683341
2018-11-11,-0.036794503648769246
2018-11-12,-0.6314919394021179
2018-11-13,-0.21495839849749007
2018-11-14,-9.649928425027715
2018-11-15,-1.5362240995740846
2018-11-16,-1.2358913525489301
2018-11-17,-0.4346984297149427
2018-11-18,1.1475321147746407
2018-11-19,-13.330704625006417
2018-11-20,-8.471751108712503
2018-11-21,3.0596497090458117
2018-11-22,-5.326383252889647
2018-11-23,-0.3116548128178777
2018-11-24,-10.739724725852867
2018-11-25,3.328968414364285
2018-11-26,-5.876365331857935
2018-11-27,1.4543480460808265
2018-11-28,11.378766988504767
2018-11-29,0.23055223763316632
2018-11-30,-6.337483808728862
2018-12-01,4.726281629821903
2018-12-02,-1.448686764378709
2018-12-03,-6.1049700372710705
2018-12-04,1.8166114093848427
2018-12-05,-5.175684476825542
2018-12-06,-6.205861352856912
2018-12-07,-2.6377421621580295
2018-12-08,1.5840375509813862
2018-12-09,4.059821429826646
2018-12-10,-3.0284877088399536
2018-12-11,-2.0862162068588095
2018-12-12,1.9141529294413924
2018-12-13,-4.994500346274494
2018-12-14,-2.0915542837798866
2018-12-15,-0.22305318401308186
2018-12-16,0.5118370618826609
2018-12-17,8.998789624633542
2018-12-18,4.268202769229985
2018-12-19,1.0555052622462195
2018-12-20,10.481718101953213
2018-12-21,-5.737225846270151
2018-12-22,2.9783576929043725
2018-12-23,-0.5474865382464621
2018-12-24,1.956521062492436
2018-12-25,-6.506684862515039
2018-12-26,0.9851869772210347
2018-12-27,-5.184724568118016
2018-12-28,7.4124580605200965
2018-12-29,-2.850177861399352
2018-12-30,1.1398086211926965
2018-12-31,-3.2103397193673953
2019-01-01,2.58377492044134
2019-01-02,2.4470725384821765
2019-01-03,-2.399038603366441
2019-01-04,0.6700736415232482
2019-01-05,-0.17599540109971773
2019-01-06,6.258629833486292
2019-01-07,-1.307724871069379
2019-01-08,0.058973534452216404
2019-01-09,0.09287700527764484
2019-01-10,-8.811367587276669
2019-01-11,0.36336531757053586
2019-01-12,-0.6962925449756394
2019-01-13,-2.8947487122602644
2019-01-14,4.1812821388829375
2019-01-15,-1.985332645244973
2019-01-16,0.6470331027309256
2019-01-17,0.7309368378153751
2019-01-18,-0.5478840460459173
2019-01-19,2.086049996858318
2019-01-20,-3.34006643892985
2019-01-21,-0.6760503249209151
2019-01-22,0.825039968155226
2019-01-23,-0.5667385455475699
2019-01-24,0.45655553802099197
2019-01-25,-0.21135809861902558
2019-01-26,0.07625928536829558
2019-01-27,-0.5748469721802512
2019-01-28,-3.1758864247286196
2019-01-29,-0.5982689788613739
2019-01-30,1.2278145456870673
2019-01-31,-0.7923447048647838
2019-02-01,0.7917301055614272
2019-02-02,1.0455875235444085
2019-02-03,-1.482484369649221
2019-02-04,-0.23239472967283703
2019-02-05,0.33014923740479707
2019-02-06,-1.5947682520021957
2019-02-07,-0.45265250507397614
2019-02-08,7.802835450204773
2019-02-09,-0.010413053793596517
2019-02-10,0.46245262598956105
2019-02-11,-1.2767130263124082
2019-02-12,0.29583708873946496
2019-02-13,-0.5893755109366674
2019-02-14,-0.39351795667302014
2019-02-15,0.09516262719311892
2019-02-16,0.40155598131217907
2019-02-17,1.1140325649902165
2019-02-18,6.655403592422389
2019-02-19,0.9058263408330683
2019-02-20,1.346332358878613
2019-02-21,-1.1533927386986627
2019-02-22,1.3439942795926902
2019-02-23,3.5912378848248743
2019-02-24,-8.081869770402424
2019-02-25,1.9882794618931166
2019-02-26,-0.6275136676548032
2019-02-27,-0.16675066329701257
2019-02-28,0.16951646127281614
2019-03-01,0.1511942770438421
2019-03-02,0.2359578005295673
2019-03-03,-0.39071186678097036
2019-03-04,-2.1724950546033384
2019-03-05,3.631610710302947
2019-03-06,0.1760695292024204
2019-03-07,0.20750220286580207
2019-03-08,-0.3090605757605496
2019-03-09,1.7655746235586602
2019-03-10,-0.3674690451788039
2019-03-11,-1.227013829369441
2019-03-12,0.13827570261380479
2019-03-13,-0.16176850258444025
2019-03-14,0.48116416059942335
2019-03-15,0.8721858701773042
2019-03-16,2.1399551063107074
2019-03-17,-0.5556333291695464
2019-03-18,0.06299846650621918
2019-03-19,0.9546549060153265
2019-03-20,0.4098063736702929
2019-03-21,-1.3375996652294448
2019-03-22,-0.11285516165401961
2019-03-23,0.3259749297112575
2019-03-24,-0.3220529004364101
2019-03-25,-1.5169116639767863
2019-03-26,0.39937357458293815
2019-03-27,2.580697028891936
2019-03-28,-0.45203457067317393
2019-03-29,0.7392451017645721
2019-03-30,0.3549228315790039
2019-03-31,-0.00126070798982014
2019-04-01,1.2866294582804358
2019-04-02,17.39168890912895
2019-04-03,1.907064870123074
2019-04-04,-0.9757752446215283
2019-04-05,2.313213164930008
2019-04-06,0.4571244878507297
2019-04-07,2.6882987696894913
2019-04-08,1.7295844792264026
2019-04-09,-1.6060640856464132
2019-04-10,2.3144475027603657
2019-04-11,-4.893704404284449
2019-04-12,0.5599141523494794
2019-04-13,0.15202507396637774
2019-04-14,1.4122210623609517
2019-04-15,-1.939367881939113
2019-04-16,3.3352283476146867
2019-04-17,0.30180149306133525
2019-04-18,0.8931819077804697
2019-04-19,0.10679574070421782
2019-04-20,0.6358326641609563
2019-04-21,-0.40007759968081646
2019-04-22,1.6352130503073117
2019-04-23,3.204016747843917
2019-04-24,-1.9140526371924542
2019-04-25,-4.683209470425553
2019-04-26,1.3251328122305708
2019-04-27,-0.2117669625595973
2019-04-28,0.25404442183637216
2019-04-29,-0.7096852280108173
2019-04-30,1.9627641920426284
2019-05-01,0.9677357833380008
2019-05-02,1.9039760986869139
2019-05-03,4.7722243463208445
2019-05-04,1.074062529120015
2019-05-05,-0.6064045403343553
2019-05-06,-0.7750104793806594
2019-05-07,1.4602888572920154
2019-05-08,2.273296794971643
2019-05-09,3.2130096319034025
2019-05-10,3.287438375058359
2019-05-11,12.933347354931184
2019-05-12,-3.208655614333919
2019-05-13,12.103216837350606
2019-05-14,2.3890177115266913
2019-05-15,2.701005650876998
2019-05-16,-3.7780433214966833
2019-05-17,-6.885195683322825
2019-05-18,-0.9596807710487466
2019-05-19,12.792120384919153
2019-05-20,-2.667034007851173
2019-05-21,-0.1835254201312807
2019-05-22,-3.471787941024958
2019-05-23,2.6647188677868865
2019-05-24,1.3407809530984074
2019-05-25,0.759003532697137
2019-05-26,7.672178233918257
2019-05-27,1.5183877958850516
2019-05-28,-0.9405677198108192
2019-05-29,-0.6779132865090071
2019-05-30,-3.9517148548143375
2019-05-31,3.0553735322870157
2019-06-01,-0.11457226127988343
2019-06-02,2.0720906117800104
2019-06-03,-6.0943418842928745
2019-06-04,-6.128550154738632
2019-06-05,1.5561116570369986
2019-06-06,0.030565841476366984
2019-06-07,2.773125589616241
2019-06-08,-1.0283599287090623
2019-06-09,-3.290671161740475
2019-06-10,4.0045959707877445
2019-06-11,-0.956109036643221
2019-06-12,2.781214726692378
2019-06-13,1.0481608495153212
2019-06-14,5.62435041359967
2019-06-15,1.7103941202252115
2019-06-16,1.7310284764075423
2019-06-17,3.6870788681122106
2019-06-18,-2.7176370189375656
2019-06-19,2.145608450902086
2019-06-20,2.7401914189014
2019-06-21,6.503701783819762
2019-06-22,5.166779812874022
2019-06-23,1.4834464365989337
2019-06-24,1.4498075170992442
2019-06-25,7.12001863126726
2019-06-26,10.507635723510639
2019-06-27,-14.091578281494568
2019-06-28,11.155217032981454
2019-06-29,-3.559398354845523
2019-06-30,-9.343251413712759
2019-07-01,-1.9801544076699313
2019-07-02,2.01152616129469
2019-07-03,10.56661832971769
2019-07-04,-6.325056704434822
2019-07-05,-2.005181844419667
2019-07-06,2.0578732674587914
2019-07-07,2.0791446628615584
2019-07-08,7.3328461866266705
2019-07-09,2.356550323352532
2019-07-10,-3.3013020639536825
2019-07-11,-6.433856401867997
2019-07-12,4.06618225147532
2019-07-13,-3.561699188915403
2019-07-14,-9.88454342288787
2019-07-15,6.212331708591382
2019-07-16,-13.022454482467694
2019-07-17,2.3501619782723617
2019-07-18,9.980710416908538
2019-07-19,-1.1565997849060432
2019-07-20,2.292651097250724
2019-07-21,-1.6555169854814027
2019-07-22,-2.3954235792568155
2019-07-23,-4.310344339395587
2019-07-24,-0.7666540642423395
2019-07-25,1.0474472883957067
2019-07-26,-0.4319852090061296
2019-07-27,-3.9862296206210623
2019-07-28,0.6451306898164563
2019-07-29,-0.3040705877419563
2019-07-30,0.8936335391783191
2019-07-31,5.014312808275479
2019-08-01,3.1975033967901507
2019-08-02,1.1164329573179548
2019-08-03,2.875180530241119
2019-08-04,1.3727296091668237
2019-08-05,7.708588353331177
2019-08-06,-2.8224586941635987
2019-08-07,4.058622716081235
2019-08-08,0.10345613248397569
2019-08-09,-0.7573801180407134
2019-08-10,-4.278799502792388
2019-08-11,1.5316550299626557
2019-08-12,-1.2627589334770932
2019-08-13,-4.297060959347911
2019-08-14,-7.693504567146765
2019-08-15,2.720786462638083
2019-08-16,0.5321902367407627
2019-08-17,-1.2258124851753487
2019-08-18,1.1023612128263724
2019-08-19,5.466232147557858
2019-08-20,-1.4026144671404221
2019-08-21,-5.820226252167982
2019-08-22,-0.1130470399314766
2019-08-23,2.680021476782155
2019-08-24,-2.379823724823663
2019-08-25,-0.21868222645859836
2019-08-26,2.4147073711891345
2019-08-27,-1.8059318528147932
2019-08-28,-4.4005206966983845
2019-08-29,-2.527327484105864
2019-08-30,0.8757799413149744
2019-08-31,0.34514055930678844
2019-09-01,1.322638519602094
2019-09-02,6.039341037964388
2019-09-03,2.6853066110957093
2019-09-04,-0.2512667926862312
2019-09-05,-0.11947649483965579
2019-09-06,-2.126028484847086
2019-09-07,1.5774031339619818
2019-09-08,-0.7305291494426143
2019-09-09,-1.0365942494510405
2019-09-10,-2.132584287072339
2019-09-11,0.5466435037354858
2019-09-12,2.292539638230764
2019-09-13,-0.5262940268801785
2019-09-14,0.12223310605659424
2019-09-15,-0.0845165700284799
2019-09-16,-0.6806532852074965
2019-09-17,-0.3913938377340247
2019-09-18,-0.48349764235697407
2019-09-19,0.6462327391399085
2019-09-20,-0.8248015973045961
2019-09-21,-1.609753534119878
2019-09-22,0.4616601332684637
2019-09-23,-3.363527215523715
2019-09-24,-11.396014684589963
2019-09-25,-1.3533621395267217
2019-09-26,-4.343973691616538
2019-09-27,1.7101306594976742
2019-09-28,-0.06494026016817481
2019-09-29,-1.7202391963374455
2019-09-30,2.340033315949143
2019-10-01,0.5247846960211623
2019-10-02,0.5851852319990675
2019-10-03,-1.5586431014438407
2019-10-04,-0.648401543583485
2019-10-05,-0.7143466315094705
2019-10-06,-1.9843390561159258
2019-10-07,3.2106467541705124
2019-10-08,-0.21907039785789414
2019-10-09,4.446008398599941
2019-10-10,0.013900063096276592
2019-10-11,-3.0692812640301916
2019-10-12,0.25122013575423174
2019-10-13,-0.19067614948035536
2019-10-14,0.6472248446458507
2019-10-15,-2.0074008495733997
2019-10-16,-1.9153464696610296
2019-10-17,0.6970668465809808
2019-10-18,-1.5766833876689559
2019-10-19,0.1850664560159458
2019-10-20,2.804156095277337
2019-10-21,0.22620313782647897
2019-10-22,-2.004017417338013
2019-10-23,-6.953203955764277
2019-10-24,-0.21624295518254547
2019-10-25,15.619322389211627
2019-10-26,6.66155602568345
2019-10-27,3.3544431937924077
2019-10-28,-3.230003601961231
2019-10-29,1.9381329390100928
2019-10-30,-2.300208880001476
2019-10-31,-0.031220429069721414
2019-11-01,0.7299582522894111
2019-11-02,0.7012536782781893
2019-11-03,-0.959084814897123
2019-11-04,1.916548362517608
2019-11-05,-0.7487251939196073
2019-11-06,0.21428022555042867
2019-11-07,-0.9070622483319413
2019-11-08,-4.969983885514533
2019-11-09,0.04669159249812879
2019-11-10,2.7578712695682586
2019-11-11,-3.30277787482031
2019-11-12,0.638261865737583
2019-11-13,-0.04278817073865394
2019-11-14,-1.1784219802174851
2019-11-15,-2.4548930439742693
2019-11-16,0.7018438510428002
2019-11-17,0.3334110824203527
2019-11-18,-3.087181466090857
2019-11-19,-1.191904293019026
2019-11-20,-2.149604190226772
2019-11-21,-4.747151120248602
2019-11-22,-4.5396552836553905
2019-11-23,1.392955483821531
2019-11-24,-4.740291341267213
2019-11-25,1.5079131297660897
2019-11-26,1.0246365717173846
2019-11-27,4.303944641881955
2019-11-28,-0.9780564271446534
2019-11-29,3.944386872045691
2019-11-30,-2.504196489872295
2019-12-01,-1.9457368990247421
2019-12-02,-1.3745602760669822
2019-12-03,-0.052295069529641726
2019-12-04,-0.9301799085568894
2019-12-05,2.6893618889021806
2019-12-06,1.2943327598918652
2019-12-07,0.11887971637078827
2019-12-08,0.1722389616597119
2019-12-09,-2.1277486015774842
2019-12-10,-1.6089291335703206
2019-12-11,-0.8213396122211524
2019-12-12,0.36575395972403296
2019-12-13,0.3453916905954734
2019-12-14,-1.9841922122096396
2019-12-15,0.3938948255375111
2019-12-16,-3.0918791468149442
2019-12-17,-4.19545605619424
2019-12-18,9.463493517125803
2019-12-19,-1.027078656615657
2019-12-20,0.14121515478123844
2019-12-21,-0.4076542679575346
2019-12-22,4.455458116127091
2019-12-23,-2.041229446922117
2019-12-24,-0.43322187916886673
2019-12-25,-0.6907150419365323
2019-12-26,-0.4925568111609608
2019-12-27,0.7176879368886864
2019-12-28,0.3972953796157754
2019-12-29,1.4349607801452797
2019-12-30,-1.7152715661847797
2019-12-31,-1.382420830937202
2020-01-01,0.07341634171214809
2020-01-02,-3.013946677558713
2020-01-03,5.1608453794049405
2020-01-04,0.8887394538801883
2020-01-05,0.011682454672833615
2020-01-06,4.84136571773689
2020-01-07,5.08464945986744
2020-01-08,-1.0055550357497443
2020-01-09,-2.514441588488342
2020-01-10,3.6587373334141526
2020-01-11,-1.5272041730619226
2020-01-12,1.9821640007488397
2020-01-13,-0.5565189955339802
2020-01-14,8.436766818626285
2020-01-15,-0.20773137377793358
2020-01-16,-1.006473750332586
2020-01-17,2.336082752306619
2020-01-18,0.1747094147382285
2020-01-19,-2.630449408259466
2020-01-20,-0.5398190147284867
2020-01-21,1.0036194539928522
2020-01-22,-0.7243073319044118
2020-01-23,-3.157997998871862
2020-01-24,0.47429502000685236
2020-01-25,-0.8562851207530255
2020-01-26,2.778676768992882
2020-01-27,3.6349834227735696
2020-01-28,5.004927997545589
2020-01-29,-0.4364514900256208
2020-01-30,2.0714493195260473
2020-01-31,-1.6594339267045604
2020-02-01,0.49770810194061643
2020-02-02,-0.484088902792835
2020-02-03,-0.5474996436392852
2020-02-04,-1.2039256526203068
2020-02-05,4.682438558466359
2020-02-06,1.164301824544666
2020-02-07,0.7191076354091455
2020-02-08,0.7357123540003175
2020-02-09,2.5626723407693066
2020-02-10,-2.5599003237296967
2020-02-11,3.5749655211979112
2020-02-12,1.212137745405607
2020-02-13,-1.0614245380323535
2020-02-14,0.9848203455263016
2020-02-15,-4.115159473815424
2020-02-16,0.45761031430343296
2020-02-17,-2.479912114333136
2020-02-18,4.651273400767043
2020-02-19,-5.0317649040891474
2020-02-20,-0.21652201947805721
2020-02-21,0.7767464756034185
2020-02-22,-0.25315991230832563
2020-02-23,2.702976926881395
2020-02-24,-2.7355332602800027
2020-02-25,-3.2079307542367945
2020-02-26,-5.544565182267355
2020-02-27,-0.4600473436896917
2020-02-28,-1.3229836067103884
2020-02-29,-0.8269212446625993
2020-03-01,-0.43378760282725043
2020-03-02,3.5781362134289334
2020-03-03,-0.8753318542519147
2020-03-04,-0.3788557700139353
2020-03-05,3.6354700033398237
2020-03-06,0.4872857562691288
2020-03-07,-2.3202779203168475
2020-03-08,-8.981492332330959
2020-03-09,-2.311657833898038
2020-03-10,-0.15674387904705195
2020-03-11,0.01694458669529571
2020-03-12,-37.186894670639745
2020-03-13,10.878723707777285
2020-03-14,-6.687712787735191
2020-03-15,3.677092618748876
2020-03-16,-6.884562900366761
2020-03-17,4.458726359845704
2020-03-18,0.2166531575658733
2020-03-19,18.03052944381409
2020-03-20,0.11506637707782504
2020-03-21,-0.34568603651841767
2020-03-22,-5.744077035540589
2020-03-23,10.030918585523905
2020-03-24,4.63224622454265
2020-03-25,-0.8555606405730877
2020-03-26,0.6182543020682845
2020-03-27,-3.7144867541307294
2020-03-28,-3.47999416531722
2020-03-29,-5.18093174448143
2020-03-30,8.510673187588516
2020-03-31,0.12499732343843324
2020-04-01,2.6324161099788146
2020-04-02,2.8281287899985497
2020-04-03,-0.941673440572232
2020-04-04,1.9165508230020882
2020-04-05,-1.0405509931105938
2020-04-06,7.1262212156790365
2020-04-07,-1.3367370139797992
2020-04-08,2.1564190366541314
2020-04-09,-0.4889222928563087
2020-04-10,-6.001277960055926
2020-04-11,-0.12169631408627014
2020-04-12,1.6480432667871006
2020-04-13,-1.7310613944063837
2020-04-14,-0.01247944975687192
2020-04-15,-2.9720229591054306
2020-04-16,7.173456669840768
2020-04-17,-0.2862082924519887
2020-04-18,2.331736295175777
2020-04-19,-0.9846897545044108
2020-04-20,-4.242665987803148
2020-04-21,0.007835456548064067
2020-04-22,3.4561981061379816
2020-04-23,4.330925400949711
2020-04-24,1.5700347923088585
2020-04-25,0.25764080564745545
2020-04-26,1.4494849437019488
2020-04-27,1.5129026002308068
2020-04-28,0.12938844997822233
2020-04-29,12.736804333860578
2020-04-30,-1.581284728489233
2020-05-01,2.2136422889992704
2020-05-02,1.3478214671685431
2020-05-03,-0.9589181518739467
2020-05-04,0.19008165662064344
2020-05-05,1.0124535157131682
2020-05-06,2.9011602819717206
2020-05-07,7.445808973911401
2020-05-08,-0.9409678779474046
2020-05-09,-2.510030675528486
2020-05-10,-8.703196513475683
2020-05-11,-1.755909319863283
2020-05-12,2.254159136262927
2020-05-13,5.2763106571937435
2020-05-14,4.987338633541471
2020-05-15,-4.171785591248078
2020-05-16,0.46900579435188283
2020-05-17,3.1553257482764456
2020-05-18,0.5258524702278341
2020-05-19,0.020300159238786194
2020-05-20,-2.0806252841098223
2020-05-21,-4.630794338305737
2020-05-22,1.125973743698151
2020-05-23,0.2637391893087282
2020-05-24,-4.579918243496657
2020-05-25,1.3752068195373244
2020-05-26,-0.8365506954851122
2020-05-27,3.8884452782801393
2020-05-28,3.7104811456927225
2020-05-29,-0.9364831696839082
2020-05-30,2.770445818962556
2020-05-31,-2.4643739778924765
2020-06-01,7.435465143396805
2020-06-02,-6.230163973177373
2020-06-03,1.28970124775533
2020-06-04,1.4994242786036442
2020-06-05,-1.3742821551781434
2020-06-06,-0.11613782227134217
2020-06-07,1.0965459157736597
2020-06-08,0.11706666946826216
2020-06-09,0.21832470854820366
2020-06-10,0.7757265849703735
2020-06-11,-5.555142199039078
2020-06-12,1.7182559759992968
2020-06-13,-0.05756945648314587
2020-06-14,-0.9576904311842898
2020-06-15,0.6889702745726385
2020-06-16,0.8859260694653713
2020-06-17,-0.5614695682858912
2020-06-18,-0.7353906762967827
2020-06-19,-1.2993790771637732
2020-06-20,0.4453884157178575
2020-06-21,-0.292541949031431
2020-06-22,3.739446419134878
2020-06-23,-0.14950077636308073
2020-06-24,-3.307040296062554
2020-06-25,-0.5294481899450033
2020-06-26,-1.059034663083651
2020-06-27,-1.3354705634473147
2020-06-28,1.0512405856313616
2020-06-29,0.5560725645581602
2020-06-30,-0.5180716423019901
2020-07-01,0.9002840107975141
2020-07-02,-1.1670226677345816
2020-07-03,-0.4113940747480773
2020-07-04,0.5311937804328091
2020-07-05,-0.5714214171957398
2020-07-06,3.3355011162898234
2020-07-07,-1.0362832310427248
2020-07-08,1.8946515881163382
2020-07-09,-1.5912861733869774
2020-07-10,0.05877262208877541
2020-07-11,-0.4005927471628935
2020-07-12,0.3835634967937744
2020-07-13,-0.3620790963401769
2020-07-14,0.04882440886420408
2020-07-15,-0.5308492880640908
2020-07-16,-0.6500550114378745
2020-07-17,0.21441612084128972
2020-07-18,0.08585168499805566
2020-07-19,0.30368536409080255
2020-07-20,-0.2502308212175668
2020-07-21,2.3178467377535528
2020-07-22,1.603007140980671
2020-07-23,0.5660739214126417
2020-07-24,-0.5072452768138611
2020-07-25,1.4427186018473996
2020-07-26,2.3236278014962837
2020-07-27,10.960438208121646
2020-07-28,-0.9497705303272511
2020-07-29,1.7182759450137381
2020-07-30,0.10253180716313212
2020-07-31,1.9194582404840141
2020-08-01,3.8597460547896243
2020-08-02,-5.996806736995966
2020-08-03,1.8343383159638509
2020-08-04,-0.35843694469105547
2020-08-05,4.8483379914867575
2020-08-06,0.2544908238687459
2020-08-07,-1.5062693237407876
2020-08-08,1.2882200489890527
2020-08-09,-0.5247016375127392
2020-08-10,1.8508809677586557
2020-08-11,-3.9651241282943013
2020-08-12,1.5812737240081118
2020-08-13,1.6890367333255971
2020-08-14,-0.03217697785761053
2020-08-15,0.8242286667176715
2020-08-16,0.22009653798720583
2020-08-17,3.015756963584895
2020-08-18,-2.127524750833756
2020-08-19,-1.9398198468791317
2020-08-20,0.9936833763763124
2020-08-21,-2.4039103850096097
2020-08-22,0.8316243842789107
2020-08-23,-0.12713201135550986
2020-08-24,0.9508676516613308
2020-08-25,-3.4607468135570585
2020-08-26,1.0686186070087718
2020-08-27,-1.412297301743869
2020-08-28,1.917866901759862
2020-08-29,-0.29624201644265885
2020-08-30,1.762073456059068
2020-08-31,-0.2773454936484664
2020-09-01,2.4929721847349664
2020-09-02,-4.603403254282431
2020-09-03,-10.185631939281723
2020-09-04,2.751106492677379
2020-09-05,-3.262420004550002
2020-09-06,1.1127407616583247
2020-09-07,0.8614477824399571
2020-09-08,-2.2932106003200174
2020-09-09,1.0676403493717244
2020-09-10,1.1795030313269859
2020-09-11,0.3075188702834887
2020-09-12,0.31037464663633063
2020-09-13,-1.230756208133655
2020-09-14,3.408970575109789
2020-09-15,1.1163047885128445
2020-09-16,1.6405581017767352
2020-09-17,-0.2210987121560684
2020-09-18,-0.06605637048064926
2020-09-19,1.4687889056277583
2020-09-20,-1.42033595516209
2020-09-21,-4.322535196676646
2020-09-22,0.7537167428135814
2020-09-23,-2.7460099529640507
2020-09-24,4.988691019715845
2020-09-25,-0.6355532291483655
2020-09-26,0.5156191835682633
2020-09-27,0.2640479833469304
2020-09-28,-0.6213541838464587
2020-09-29,1.2604541647145417
2020-09-30,-0.5475893460843917
2020-10-01,-1.62851860640087
2020-10-02,-0.4128758713920949
2020-10-03,-0.24369966191404613
2020-10-04,1.1292663933701672
2020-10-05,1.0940872602596634
2020-10-06,-1.777463321603941
2020-10-07,0.6187973367805519
2020-10-08,2.30861267229976
2020-10-09,1.2495059285446897
2020-10-10,2.1450012812857575
2020-10-11,0.7799129745276034
2020-10-12,1.4283572541506948
2020-10-13,-1.0634972136132852
2020-10-14,0.004015945868467519
2020-10-15,0.6016405145578851
2020-10-16,-1.5709621682711183
2020-10-17,0.3177718125482691
2020-10-18,1.1216726866328544
2020-10-19,2.1487447156844763
2020-10-20,1.4503722102934533
2020-10-21,7.643804311356571
2020-10-22,1.2830849329175844
2020-10-23,-0.3084424701717235
2020-10-24,1.364785742745092
2020-10-25,-0.5865828203760254
2020-10-26,0.3380108588536378
2020-10-27,4.428037004572693
2020-10-28,-2.8044797293875887
2020-10-29,1.255219903736697
2020-10-30,0.8085240069262607
2020-10-31,1.7307963890954854
2020-11-01,-0.3184511845067429
2020-11-02,-1.3579568401193143
2020-11-03,2.9508213734234805
2020-11-04,1.3133500871525274
2020-11-05,10.231657790678787
2020-11-06,-0.08888878859831575
2020-11-07,-4.703408433735091
2020-11-08,4.353675277640916
2020-11-09,-0.9514478043361769
2020-11-10,-0.27033194913711034
2020-11-11,2.6841482036118403
2020-11-12,3.6624035257831604
2020-11-13,0.25415977308555937
2020-11-14,-1.530045658034179
2020-11-15,-0.7004653947194489
2020-11-16,4.766572669933019
2020-11-17,5.751723559927024
2020-11-18,0.9000438106256374
2020-11-19,0.07430138541970518
2020-11-20,4.513816455348607
2020-11-21,0.11232296991623973
2020-11-22,-1.4602889964538892
2020-11-23,-0.032098414440395136
2020-11-24,4.042736657078123
2020-11-25,-1.9487074421829547
2020-11-26,-8.431555261813797
2020-11-27,-0.26531390202946575
2020-11-28,3.5323018431554534
2020-11-29,2.583854664223667
2020-11-30,7.962856256609731
2020-12-01,-4.231339697925589
2020-12-02,2.123992610808526
2020-12-03,1.2468685913791662
2020-12-04,-3.842250463424817
2020-12-05,2.437888132257413
2020-12-06,0.9968654850544614
2020-12-07,-0.783213758276972
2020-12-08,-4.535254862501899
2020-12-09,1.2719432111555578
2020-12-10,-1.5539373525744926
2020-12-11,-1.1225699733465424
2020-12-12,4.167761274387391
2020-12-13,1.7845555912807307
2020-12-14,0.5335860713855772
2020-12-15,0.8840700262207133
2020-12-16,9.741989764076909
2020-12-17,7.024525301662457
2020-12-18,1.4520410924648972
2020-12-19,3.185799897281558
2020-12-20,-1.6112416372164415
2020-12-21,-2.860015470606721
2020-12-22,4.338810825335708
2020-12-23,-2.273271732604074
2020-12-24,2.1331401067519717
2020-12-25,3.923643560002199
2020-12-26,7.132229890035578
2020-12-27,-0.6319292242814653
2020-12-28,3.0592129880829657
2020-12-29,1.036219320119946
2020-12-30,5.412494219525675
2020-12-31,0.5552626328936242
2021-01-01,1.3111072983623435
2021-01-02,9.364004243140881
2021-01-03,2.031208387808166
2021-01-04,-2.5571803810251508
2021-01-05,6.302611523343317
2021-01-06,8.263603095497723
2021-01-07,6.888137533045328
2021-01-08,3.5951759082665555
2021-01-09,-1.3094178717803249
2021-01-10,-4.714480625089761
2021-01-11,-7.249351921498767
2021-01-12,-4.486378856222506
2021-01-13,10.028677980680401
2021-01-14,4.9891849781083195
2021-01-15,-5.953871049190667
2021-01-16,-1.747634448230289
2021-01-17,-1.0296834247616142
2021-01-18,2.3408313582302727
2021-01-19,-1.5622128324427542
2021-01-20,-1.3935137383085112
2021-01-21,-13.287705070607075
2021-01-22,7.100276931625977
2021-01-23,-2.783368627132401
2021-01-24,0.70171939861464
2021-01-25,0.24962600562880508
2021-01-26,0.6527978386743772
2021-01-27,-6.54551192803265
2021-01-28,9.937428352309887
2021-01-29,-0.006658638359675741
2021-01-30,-0.07700666954525745
2021-01-31,-3.3746421689788786
2021-02-01,1.2761680207876724
2021-02-02,5.895917746626798
2021-02-03,5.523019502198383
2021-02-04,-1.465076763980922
2021-02-05,3.2838097002943365
2021-02-06,2.9566667523606207
2021-02-07,-0.8834351822926023
2021-02-08,18.797204789378792
2021-02-09,0.6411461109441159
2021-02-10,-3.3388983881403393
2021-02-11,6.705361982309138
2021-02-12,-0.777373938330461
2021-02-13,-0.8121240874543542
2021-02-14,3.4018847366049836
2021-02-15,-1.5431828159617043
2021-02-16,2.6184759203378323
2021-02-17,5.9782427062562125
2021-02-18,-0.8844786695683554
2021-02-19,8.151083550891142
2021-02-20,0.3796631029027568
2021-02-21,2.6242492015739938
2021-02-22,-5.780044663429063
2021-02-23,-9.926226151882231
2021-02-24,1.7820099566605785
2021-02-25,-5.261071743601934
2021-02-26,-1.7818881772025779
2021-02-27,-0.3372986874362687
2021-02-28,-2.2865431365061153
2021-03-01,9.902097885161043
2021-03-02,-2.485516742031285
2021-03-03,4.383744690869276
2021-03-04,-3.8817245786398487
2021-03-05,0.824846332424261
2021-03-06,0.026896831757721135
2021-03-07,4.6771739003713275
2021-03-08,2.0956028338910953
2021-03-09,4.880435334945464
2021-03-10,2.1606209129254283
2021-03-11,3.2913451603991297
2021-03-12,-0.8459332349337587
2021-03-13,6.800637579144767
2021-03-14,-3.1342386494655323
2021-03-15,-5.669607213384354
2021-03-16,1.7265466178569495
2021-03-17,3.598832562107954
2021-03-18,-1.755989469263286
2021-03-19,0.8577478847834527
2021-03-20,-0.03191576488112717
2021-03-21,-1.3488138340540021
2021-03-22,-5.1962025402422345
2021-03-23,0.4169477788761507
2021-03-24,-3.5390337704472086
2021-03-25,-1.9394064933986377
2021-03-26,6.683629042455394
2021-03-27,1.5161084664869127
2021-03-28,-0.04322525739580037
2021-03-29,3.221391386601178
2021-03-30,2.021741833115373
2021-03-31,-0.01942178624620687
2021-04-01,0.28721528385437384
2021-04-02,0.4829763254947531
2021-04-03,-3.019524801724507
2021-04-04,2.0028088731422375
2021-04-05,0.5054450027335367
2021-04-06,-1.6554710303627242
2021-04-07,-3.6736528670668798
2021-04-08,3.9644250791939437
2021-04-09,-0.13983096252243563
2021-04-10,2.6426733191322693
2021-04-11,0.5994268514327246
2021-04-12,-0.4694437055088847
2021-04-13,6.033455203858375
2021-04-14,-0.6518169476587898
2021-04-15,0.3786217467370605
2021-04-16,-2.6648035278359625
2021-04-17,-1.3751058618583694
2021-04-18,-7.38972603237788
2021-04-19,-0.8316553176124706
2021-04-20,1.4210000056824006
2021-04-21,-4.542213184295155
2021-04-22,-3.8896112463108574
2021-04-23,-1.2488570552579383
2021-04-24,-2.1358827911748457
2021-04-25,-2.09494264849056
2021-04-26,10.073723039355169
2021-04-27,1.8560185914183867
2021-04-28,-0.3850772982968234
2021-04-29,-2.375183810557795
2021-04-30,7.8058913581852964
2021-05-01,0.1964608485413897
2021-05-02,-2.0661778111964795
2021-05-03,1.0244025611961263
2021-05-04,-6.782655359555617
2021-05-05,7.834129980339707
2021-05-06,-1.8188878253788259
2021-05-07,1.670595954624479
2021-05-08,2.529976894640815
2021-05-09,-1.0956229749694346
2021-05-10,-4.104787059581929
2021-05-11,1.5351376319919559
2021-05-12,-13.336963079898506
2021-05-13,-0.038689091678931434
2021-05-14,0.397630507743511
2021-05-15,-6.208560412134852
2021-05-16,-0.5577844282086672
2021-05-17,-6.201294848629956
2021-05-18,-1.3306095252620982
2021-05-19,-13.837555942314994
2021-05-20,10.962362493794465
2021-05-21,-8.109618766573343
2021-05-22,0.44312815825760765
2021-05-23,-7.356143301071154
2021-05-24,11.543444531211568
2021-05-25,-1.0144365729198972
2021-05-26,2.3483005362358007
2021-05-27,-2.238025085433622
2021-05-28,-7.295999629938202
2021-05-29,-2.9931766811776583
2021-05-30,3.0939118884415096
2021-05-31,4.6952544749468705
2021-06-01,-1.6326233912710215
2021-06-02,2.384903748517857
2021-06-03,4.2802678607512235
2021-06-04,-5.983510377584243
2021-06-05,-3.60139260188194
2021-06-06,0.9110360167265267
2021-06-07,-6.347263105434285
2021-06-08,-0.3479856823830257
2021-06-09,11.754936967152501
2021-06-10,-1.8371940830672369
2021-06-11,1.7368358305550942
2021-06-12,-4.787418283166879
2021-06-13,9.962007329590536
2021-06-14,3.079449406227899
2021-06-15,-0.05169404276884888
2021-06-16,-4.53494710053354
2021-06-17,-0.7509319025482802
2021-06-18,-6.068929752766863
2021-06-19,-0.6656237515332954
2021-06-20,0.38004587790817473
2021-06-21,-11.123243161843433
2021-06-22,2.7932220415762004
2021-06-23,3.713012325890978
2021-06-24,2.908418231346511
2021-06-25,-8.71726529295208
2021-06-26,1.872510117783437
2021-06-27,7.31589432160207
2021-06-28,-0.7058574396630718
2021-06-29,4.038277570511627
2021-06-30,-2.416011579815692
2021-07-01,-4.1781819852178765
2021-07-02,1.0356168071109264
2021-07-03,2.404781871644352
2021-07-04,1.7949074780956653
2021-07-05,-4.359836914212129
2021-07-06,1.5173021230322226
2021-07-07,-1.082086801143239
2021-07-08,-2.986857949507241
2021-07-09,2.8493372075275762
2021-07-10,-0.8598402112463056
2021-07-11,2.181824794680173
2021-07-12,-3.205953955216017
2021-07-13,-1.2783014862997222
2021-07-14,0.30100971022361667
2021-07-15,-3.189802968513801
2021-07-16,-1.3190680367154894
2021-07-17,0.4323930034309519
2021-07-18,0.8337881082657304
2021-07-19,-3.0886142312988043
2021-07-20,-3.343044189313684
2021-07-21,7.767438762880598
2021-07-22,0.5421236196455288
2021-07-23,3.9484721611017606
2021-07-24,2.0798965580793944
2021-07-25,3.090946269301113
2021-07-26,5.520863048214722
2021-07-27,5.716558215131727
2021-07-28,1.2472885890537313
2021-07-29,0.03242556087430251
2021-07-30,5.516365903271931
2021-07-31,-1.3510883932186746
2021-08-01,-3.583982100581347
2021-08-02,-1.7673886302216886
2021-08-03,-2.617314167134695
2021-08-04,4.014755566840884
2021-08-05,2.830677503067444
2021-08-06,4.773256868746094
2021-08-07,4.0226275937064875
2021-08-08,-1.7416267171066375
2021-08-09,5.876600575537746
2021-08-10,-1.5034651297188015
2021-08-11,-0.013303609090108522
2021-08-12,-2.5201151797002335
2021-08-13,7.546472084138607
2021-08-14,-1.4928507093732966
2021-08-15,-0.10545132945063872
2021-08-16,-2.159671216762163
2021-08-17,-2.7017705248920194
2021-08-18,0.2560882140679284
2021-08-19,4.415762565870451
2021-08-20,5.599058081438701
2021-08-21,-0.854666606376078
2021-08-22,0.9260387941608366
2021-08-23,0.5162588859411401
2021-08-24,-3.745243227024421
2021-08-25,2.5845424743361898
2021-08-26,-4.204716008607955
2021-08-27,4.614849838475716
2021-08-28,-0.34679972636198514
2021-08-29,-0.16646061744486187
2021-08-30,-3.644665910824125
2021-08-31,0.30271058928840955
2021-09-01,3.709686435261847
2021-09-02,1.0651463339695708
2021-09-03,1.4955389976312814
2021-09-04,-0.1293743112124325
2021-09-05,3.635619956427097
2021-09-06,1.6699785291708624
2021-09-07,-11.10766842693573
2021-09-08,-1.572509696646796
2021-09-09,1.3472051573201447
2021-09-10,-3.2604799004777583
2021-09-11,0.7390647897447121
2021-09-12,1.8949447143614948
2021-09-13,-2.375611787885771
2021-09-14,4.7429693009584115
2021-09-15,2.28958269194021
2021-09-16,-0.7798077328635344
2021-09-17,-1.053953934039322
2021-09-18,2.1255785086509915
2021-09-19,-2.0896221983200056
2021-09-20,-9.347173136114629
2021-09-21,-5.390463033228555
2021-09-22,7.120699211681389
2021-09-23,3.0642600648024163
2021-09-24,-4.576417820295084
2021-09-25,-0.2901360667032118
2021-09-26,1.1397275073909157
2021-09-27,-2.309406682411225
2021-09-28,-2.763816676740628
2021-09-29,1.2160698800947736
2021-09-30,5.390027850570525
2021-10-01,9.814055094166168
2021-10-02,-0.8849249447708029
2021-10-03,1.0904477413605196
2021-10-04,1.8751640808071641
2021-10-05,4.758217429951568
2021-10-06,7.525803480968145
2021-10-07,-2.769567594062917
2021-10-08,0.30798609691804074
2021-10-09,1.9255435163664787
2021-10-10,-0.3298141687166022
2021-10-11,5.0255011156202825
2021-10-12,-2.5827485801632375
2021-10-13,2.4319811088880825
2021-10-14,-0.08943012212130837
2021-10-15,7.407760103827165
2021-10-16,-1.164345332902106
2021-10-17,1.093760094395165
2021-10-18,0.7754390031183332
2021-10-19,3.5762652639134167
2021-10-20,2.65732441935743
2021-10-21,-5.745354738227375
2021-10-22,-2.483414820905171
2021-10-23,1.1516476726955027
2021-10-24,-0.7129210041618567
2021-10-25,3.5239942407535647
2021-10-26,-4.234256404485094
2021-10-27,-3.097848093269486
2021-10-28,3.679458479058733
2021-10-29,2.644283973026489
2021-10-30,-0.5631986439449964
2021-10-31,-0.8593808468948398
2021-11-01,-0.5153957167250551
2021-11-02,3.7123156860693425
2021-11-03,-0.4494380634726745
2021-11-04,-2.3665896237732498
2021-11-05,-0.5440968413184879
2021-11-06,0.7509643312571257
2021-11-07,2.8788378772513874
2021-11-08,6.6663887532382216
2021-11-09,-0.8555270503238007
2021-11-10,-2.9245823846295935
2021-11-11,-0.04452167037901011
2021-11-12,-1.0915751043695463
2021-11-13,0.4853730824582016
2021-11-14,1.5692544047707429
2021-11-15,-2.9966107151480466
2021-11-16,-5.586758379674738
2021-11-17,0.3797673161990298
2021-11-18,-5.662677697246249
2021-11-19,2.1503206672740873
2021-11-20,2.7223798469375926
2021-11-21,-1.674238653954186
2021-11-22,-4.118018068191444
2021-11-23,2.2458565532900523
2021-11-24,-2.232965805872595
2021-11-25,0.19113254592090784
2021-11-26,-9.142627985880061
2021-11-27,2.00729457422608
2021-11-28,4.4431659503821725
2021-11-29,0.8983121525128167
2021-11-30,-1.4260520223939883
2021-12-01,0.5655856471650806
2021-12-02,-1.2925352447393088
2021-12-03,-5.151231693200204
2021-12-04,-8.426120430232297
2021-12-05,0.3400873115183418
2021-12-06,2.366043679091556
2021-12-07,0.2337950542391552
2021-12-08,-0.3214113295604829
2021-12-09,-5.50635564037193
2021-12-10,-0.8371576209974936
2021-12-11,4.438572512183313
2021-12-12,1.5063978238589906
2021-12-13,-6.739058351561035
2021-12-14,-0.20807487049156131
2021-12-15,1.068564240739585
2021-12-16,-2.5256182460561027
2021-12-17,-3.0461118641108484
2021-12-18,1.362037212406998
2021-12-19,-0.31342463560655265
2021-12-20,0.3708536449921251
2021-12-21,4.373441410013434
2021-12-22,-0.6305767041347802
2021-12-23,4.43832529049647
2021-12-24,0.03177678839772791
2021-12-25,-0.8358259352835758
2021-12-26,0.7551737079237428
2021-12-27,-0.3192580228562325
2021-12-28,-6.099077511992406
2021-12-29,-2.4759855282002663
2021-12-30,1.4788353997930528
2021-12-31,-1.8294197298813228
2022-01-01,2.969152584889413
2022-01-02,-0.7040698680855167
2022-01-03,-1.8702144489575738
2022-01-04,-1.2081171291867316
2022-01-05,-5.077098025946032
2022-01-06,-0.9286750351101085
2022-01-07,-3.6976499445928663
2022-01-08,0.4149915387930245
2022-01-09,0.42380773655032855
2022-01-10,-0.21228408673710059
2022-01-11,2.1911966548207444
2022-01-12,2.8237256120865677
2022-01-13,-3.0836685668715136
2022-01-14,1.175684031386175
2022-01-15,0.1751662983232141
2022-01-16,-0.13471718619961814
2022-01-17,-2.0120781947192845
2022-01-18,0.29717958150776175
2022-01-19,-1.4860772100842257
2022-01-20,-2.5479318663757193
2022-01-21,-10.42341569074255
2022-01-22,-3.951952327619732
2022-01-23,3.507954192340632
2022-01-24,1.0436556461856605
2022-01-25,0.816261937011583
2022-01-26,-0.2662873023169078
2022-01-27,0.8043983573805327
2022-01-28,1.7665342925877459
2022-01-29,0.9461569089636609
2022-01-30,-0.6141667804012556
2022-01-31,1.4842815808492982
2022-02-01,0.6795629261098906
2022-02-02,-4.621989594884896
2022-02-03,0.5678657033771874
2022-02-04,11.713850332673973
2022-02-05,-0.1453355532591599
2022-02-06,2.343837411643986
2022-02-07,3.380364800146203
2022-02-08,0.6015164974568423
2022-02-09,0.5490064627138721
2022-02-10,-1.7648845855078248
2022-02-11,-2.669637981500974
2022-02-12,-0.395715460275611
2022-02-13,-0.09245728185949656
2022-02-14,1.0188473368127295
2022-02-15,4.669883467779476
2022-02-16,-1.3827765572830588
2022-02-17,-7.736197633511707
2022-02-18,-1.2851512703651338
2022-02-19,0.24017577626743225
2022-02-20,-4.204393006040563
2022-02-21,-3.508113076995493
2022-02-22,3.2837826231966454
2022-02-23,-2.5824831507539203
2022-02-24,2.8274772083866475
2022-02-25,2.2968604583979175
2022-02-26,-0.27524894285020673
2022-02-27,-3.5523280575890324
2022-02-28,14.552682265421948
2022-03-01,2.68583432516778
2022-03-02,-0.9772842354619548
2022-03-03,-3.3543533261893224
2022-03-04,-7.820726737842161
2022-03-05,0.6440528904251974
2022-03-06,-2.497741010510559
2022-03-07,-0.955691569198392
2022-03-08,1.7797396887205459
2022-03-09,8.363122962008784
2022-03-10,-6.043277090152943
2022-03-11,-1.635386929027422
2022-03-12,0.28237759031144005
2022-03-13,-2.6618741894361237
2022-03-14,4.8100784246980774
2022-03-15,-0.8205495975595152
2022-03-16,4.597262377622989
2022-03-17,-0.4605273652171998
2022-03-18,2.091390293667767
2022-03-19,0.9474990723804912
2022-03-20,-2.2364318118692714
2022-03-21,-0.40764238314008605
2022-03-22,3.1277689686448022
2022-03-23,1.247694734696132
2022-03-24,2.5049314676960517
2022-03-25,0.8738486372720065
2022-03-26,0.34040412332198067
2022-03-27,5.201928384496564
2022-03-28,0.6538663754920787
2022-03-29,0.7755617317779692
2022-03-30,-0.8307209025031431
2022-03-31,-3.237150675926364
2022-04-01,1.5969571250432821
2022-04-02,-0.8999595580689418
2022-04-03,1.2962250138139584
2022-04-04,0.3819599511858294
2022-04-05,-2.2917467124736737
2022-04-06,-5.132616684199083
2022-04-07,0.6858708702192906
2022-04-08,-2.7984572583248295
2022-04-09,1.1826726970979504
2022-04-10,-1.3403538125005765
2022-04-11,-6.348508895200855
2022-04-12,1.5011712214386634
2022-04-13,2.5998687258521866
2022-04-14,-2.9754533921178443
2022-04-15,1.5374854503702728
2022-04-16,-0.31522744587359325
2022-04-17,-1.7339504168909274
2022-04-18,2.781919055353387
2022-04-19,1.6522271834143336
2022-04-20,-0.3068959730327611
2022-04-21,-2.0404191893803745
2022-04-22,-1.9383744235090612
2022-04-23,-0.6341225149076787
2022-04-24,-0.023005078729810943
2022-04-25,2.497182826657768
2022-04-26,-5.762798224127255
2022-04-27,2.9402189634644516
2022-04-28,1.35672538370739
2022-04-29,-2.913837721051638
2022-04-30,-2.307899343323451
2022-05-01,2.004143933107092
2022-05-02,0.14852450227843167
2022-05-03,-2.018412693005391
2022-05-04,5.166787033795551
2022-05-05,-7.861309525156732
2022-05-06,-1.4553332973751794
2022-05-07,-1.4997592360842196
2022-05-08,-4.066355417514371
2022-05-09,-11.048328754253177
2022-05-10,2.474930663399765
2022-05-11,-6.7056223042834375
2022-05-12,0.38365620904656766
2022-05-13,0.8687063478810906
2022-05-14,2.785061125768953
2022-05-15,4.008584809450403
2022-05-16,-4.604650408289576
2022-05-17,1.8868177506562815
2022-05-18,-5.601433826958697
2022-05-19,5.5499814210629115
2022-05-20,-3.6632725472739
2022-05-21,0.7957818718091002
2022-05-22,3.0281179920190726
2022-05-23,-3.9937658565686913
2022-05-24,1.9052903882581858
2022-05-25,-0.3061175090507729
2022-05-26,-1.0064433461322944
2022-05-27,-2.131767831703144
2022-05-28,0.671760156956254
2022-05-29,1.4682694479509322
2022-05-30,7.753955339179701
2022-05-31,0.21575338312128114
2022-06-01,-6.270256130624137
2022-06-02,2.2574261631477293
2022-06-03,-2.50564809154027
2022-06-04,0.4267649593416449
2022-06-05,0.23980104192443102
2022-06-06,4.88256383918966
2022-06-07,-0.6893581828591265
2022-06-08,-3.0082839913181294
2022-06-09,-0.34181795569462703
2022-06-10,-3.4092133429343088
2022-06-11,-2.488787281796968
2022-06-12,-5.677355483722681
2022-06-13,-15.895940287692007
2022-06-14,-1.2504159121767187
2022-06-15,1.6944359239281264
2022-06-16,-9.72105190487676
2022-06-17,0.4207046753011836
2022-06-18,-7.110598971952399
2022-06-19,8.11307697412936
2022-06-20,0.22461529748294407
2022-06-21,0.5647327806860952
2022-06-22,-3.5347754691120383
2022-06-23,5.500030635748958
2022-06-24,0.6972267663640053
2022-06-25,1.2655809517782466
2022-06-26,-2.1826778621695673
2022-06-27,-1.3922220288232212
2022-06-28,-2.174995437866378
2022-06-29,-0.8734529864765451
2022-06-30,-1.6092147836870945
2022-07-01,-2.78047642702103
2022-07-02,-0.16902908139214867
2022-07-03,0.28573014913895756
2022-07-04,4.839778446341049
2022-07-05,-0.17422825871882455
2022-07-06,1.7510949360447094
2022-07-07,5.303597810784507
2022-07-08,0.4342663981398461
2022-07-09,-0.5738457431844688
2022-07-10,-3.3839477077167555
2022-07-11,-4.2471320518056315
2022-07-12,-3.2375822784475874
2022-07-13,4.585029577869322
2022-07-14,1.7735136623306442
2022-07-15,1.279200292857349
2022-07-16,1.7097586673592662
2022-07-17,-1.9612949336523937
2022-07-18,8.198366612191585
2022-07-19,4.101789892658251
2022-07-20,-0.6901964831180013
2022-07-21,-0.29514772896646846
2022-07-22,-1.9373952821121296
2022-07-23,-1.0635752215555925
2022-07-24,0.6394437445386117
2022-07-25,-5.509118724850676
2022-07-26,-0.5681686226455153
2022-07-27,7.938078599689345
2022-07-28,3.9690431564438975
2022-07-29,-0.1701812364231585
2022-07-30,-0.5908828903154809
2022-07-31,-1.3325422424371545
2022-08-01,-0.09649827591978842
2022-08-02,-1.4171540310566908
2022-08-03,-0.586541691883186
2022-08-04,-0.9508743417625454
2022-08-05,2.927853137595286
2022-08-06,-1.4174510484470335
2022-08-07,0.9248795324442697
2022-08-08,2.71773869688011
2022-08-09,-2.717873465731806
2022-08-10,3.387935852425636
2022-08-11,0.0383475078564681
2022-08-12,1.8600469848251537
2022-08-13,0.08966761432760895
2022-08-14,-0.44914815117147655
2022-08-15,-0.7457084897266705
2022-08-16,-1.0065668861781285
2022-08-17,-2.2834518420110386
2022-08-18,-0.549678962048136
2022-08-19,-10.062156211548869
2022-08-20,1.4047859551347701
2022-08-21,1.7661700473900928
2022-08-22,-0.6156325195986361
2022-08-23,0.5936297466491625
2022-08-24,-0.610576829292082
2022-08-25,0.9602285823829987
2022-08-26,-6.1866136767404685
2022-08-27,-1.0894134498510275
2022-08-28,-2.116760435863526
2022-08-29,3.481185176599845
2022-08-30,-2.472103762486061
2022-08-31,1.263570312899203
2022-09-01,0.3822477523791248
2022-09-02,-0.776608466804321
2022-09-03,-0.6891977853969525
2022-09-04,0.7777255280437453
2022-09-05,-0.8825845737747526
2022-09-06,-4.945354019912927
2022-09-07,2.40284652169324
2022-09-08,0.2068050767229116
2022-09-09,10.621879044560192
2022-09-10,1.4203499157010717
2022-09-11,0.41844551433075655
2022-09-12,2.7574491876957374
2022-09-13,-9.274189253581962
2022-09-14,0.2800911742928438
2022-09-15,-2.6730085877608487
2022-09-16,0.3480415377940578
2022-09-17,1.7724749973854024
2022-09-18,-3.516273038008979
2022-09-19,0.6465801857496081
2022-09-20,-3.3501299995413367
2022-09-21,-1.820325325720144
2022-09-22,4.741931312983147
2022-09-23,-0.5911773734350899
2022-09-24,-1.8654645685820297
2022-09-25,-0.7087594507534559
2022-09-26,2.2270458557831203
2022-09-27,-0.5789922798997154
2022-09-28,1.685977480497499
2022-09-29,0.747751362392547
2022-09-30,-0.7236471392733115
2022-10-01,-0.6124703806296404
2022-10-02,-1.3864140044360314
2022-10-03,3.043003773218018
2022-10-04,3.634706923021416
2022-10-05,-0.8614499008401956
2022-10-06,-1.0197673963511769
2022-10-07,-2.057911955742019
2022-10-08,-0.6638575020084495
2022-10-09,0.14907839656784738
2022-10-10,-1.5680608723992664
2022-10-11,-0.457610278750196
2022-10-12,0.5500486675745814
2022-10-13,1.1794012193874883
2022-10-14,-1.0157441809167544
2022-10-15,-0.6140216212166129
2022-10-16,1.0445255920036742
2022-10-17,1.464537442790556
2022-10-18,-1.1050926992931653
2022-10-19,-1.0110778951817327
2022-10-20,-0.44072172839254187
2022-10-21,0.6259610219738315
2022-10-22,0.18677176305148427
2022-10-23,1.8704623381694385
2022-10-24,-1.1355267920043104
2022-10-25,3.881591846715604
2022-10-26,3.375458396214723
2022-10-27,-2.344251775275194
2022-10-28,1.5151576414348338
2022-10-29,1.084592979615433
2022-10-30,-0.8760642724837779
2022-10-31,-0.668430317067085
2022-11-01,-0.046962906546484315
2022-11-02,-1.5791423415520238
2022-11-03,0.23458590797106776
2022-11-04,4.643830175057433
2022-11-05,0.6519766853492015
2022-11-06,-1.684610562960058
2022-11-07,-1.5379236071143014
2022-11-08,-9.996763227534295
2022-11-09,-14.360524502533387
2022-11-10,10.725910171409206
2022-11-11,-3.122056066980464
2022-11-12,-1.3951470156645511
2022-11-13,-2.656933278055883
2022-11-14,1.6277546321691625
2022-11-15,1.6075171200514518
2022-11-16,-1.272790768721436
2022-11-17,0.10252765645748495
2022-11-18,0.05911604945149411
2022-11-19,0.09179425779949968
2022-11-20,-2.519535141635255
2022-11-21,-3.0933186142629876
2022-11-22,2.5818082904875888
2022-11-23,2.563155730036686
2022-11-24,-0.04317380112162525
2022-11-25,-0.4844381921616985
2022-11-26,-0.3467884739262
2022-11-27,-0.11695819020516975
2022-11-28,-1.3558234294367115
2022-11-29,1.4018240531038282
2022-11-30,4.396892002502588
2022-12-01,-1.1700204902902918
2022-12-02,0.7070469658836143
2022-12-03,-1.0641327614561154
2022-12-04,1.3148460612663788
2022-12-05,-0.8994646974672958
2022-12-06,0.6731311991432374
2022-12-07,-1.4124393545152378
2022-12-08,2.2919035275740582
2022-12-09,-0.5744849175890812
2022-12-10,-0.032076706873500255
2022-12-11,-0.14896677601918815
2022-12-12,0.6077327876041514
2022-12-13,3.341056640080057
2022-12-14,0.18886435135117915
2022-12-15,-2.519300843169507
2022-12-16,-4.129462779315974
2022-12-17,0.8897070426732511
2022-12-18,-0.22406339454414703
2022-12-19,-1.9056062207094608
2022-12-20,2.825225597648902
2022-12-21,-0.5146088129589914
2022-12-22,0.07111824616180376
2022-12-23,-0.19424894084540648
2022-12-24,0.30231212555458964
2022-12-25,-0.03276171141337571
2022-12-26,0.46047699980703294
2022-12-27,-1.1945960815576986
2022-12-28,-0.9800442749138694
2022-12-29,0.5438483483187605
2022-12-30,-0.23281877375852972
2022-12-31,-0.33834520574501054
2023-01-01,0.4663186872590154
2023-01-02,0.3787007940663474
2023-01-03,-0.05386971323710983
2023-01-04,1.0973078704232246
2023-01-05,-0.1585458029315859
2023-01-06,0.6859874755721221
2023-01-07,0.01746647611770469
2023-01-08,0.8080503905121846
2023-01-09,0.5999914992063641
2023-01-10,1.4735328231163074
2023-01-11,2.800223811020745
2023-01-12,4.150629222630626
2023-01-13,5.515253268853355
2023-01-14,5.35275222810629
2023-01-15,-0.46090153207419565
2023-01-16,1.376329430897746
2023-01-17,-0.06759806076852604
2023-01-18,-2.2317867677367893
2023-01-19,1.9338318031605004
2023-01-20,7.546367256403955
2023-01-21,0.4418369966762965
2023-01-22,-0.25274539931089235
2023-01-23,0.9389680240092213
2023-01-24,-1.2785127456469434
2023-01-25,2.1139897535264582
2023-01-26,-0.3296459494488786
2023-01-27,0.20846819130056182
2023-01-28,-0.2117637541082964
2023-01-29,3.2265324706316143
2023-01-30,-3.930698567769305
2023-01-31,1.306812234960607
2023-02-01,2.532361260286942
2023-02-02,-1.0495129625521877
2023-02-03,-0.08560011497678285
2023-02-04,-0.4882329283413009
2023-02-05,-1.6139980617960106
2023-02-06,-0.8447849084178893
2023-02-07,2.227962718983745
2023-02-08,-1.3928202887631458
2023-02-09,-4.913708324757874
2023-02-10,-0.7691563341915122
2023-02-11,1.011614647750719
2023-02-12,-0.3781244022317752
2023-02-13,0.09685391517877634
2023-02-14,1.9217770733578123
2023-02-15,9.393343025453241
2023-02-16,-2.8134494751177606
2023-02-17,3.99774369264609
2023-02-18,0.3093000224529141
2023-02-19,-1.2677939081274483
2023-02-20,2.0238033422975
2023-02-21,-1.597449089902797
2023-02-22,-1.0171869183064712
2023-02-23,-1.0054540545637984
2023-02-24,-3.123196422681364
2023-02-25,-0.10668045969579906
2023-02-26,1.6702338315564933
2023-02-27,-0.16374236817404753
2023-02-28,-1.5920710649453829
2023-03-01,2.1408258780104337
2023-03-02,-0.7254729677382374
2023-03-03,-4.744944191514901
2023-03-04,-0.04281291133299336
2023-03-05,0.3640002439424596
2023-03-06,-0.03145987212354137
2023-03-07,-0.9298632858269587
2023-03-08,-2.24320951772591
2023-03-09,-6.247944707702702
2023-03-10,-0.8825933876459366
2023-03-11,2.2019809421128262
2023-03-12,7.445790869163062
2023-03-13,9.212355695658
2023-03-14,2.2490449754117887
2023-03-15,-1.594469448731557
2023-03-16,2.7871796371725455
2023-03-17,9.454380392358317
2023-03-18,-1.7569084172724736
2023-03-19,3.9643735335903845
2023-03-20,-0.9784221267229911
2023-03-21,1.4672215072540955
2023-03-22,-3.023160079252202
2023-03-23,3.7800060406612905
2023-03-24,-2.9332823976370066
2023-03-25,0.026809219045957025
2023-03-26,1.8141376422923392
2023-03-27,-3.051288139095873
2023-03-28,0.4984437489701836
2023-03-29,3.9659988883094854
2023-03-30,-1.1166721505459904
2023-03-31,1.5918182440182271
2023-04-01,-0.21879025233726787
2023-04-02,-0.925898668473847
2023-04-03,-1.3939547200340519
2023-04-04,1.3412942566955095
2023-04-05,0.02931449292444654
2023-04-06,-0.4652524699640559
2023-04-07,-0.40339368670177267
2023-04-08,0.09771041579181637
2023-04-09,1.3619010912257823
2023-04-10,4.647627943831996
2023-04-11,1.9605624407384097
2023-04-12,-0.3060683254331634
2023-04-13,1.6938098277546092
2023-04-14,0.25037097705697015
2023-04-15,-0.5649382394660676
2023-04-16,-0.002048734101372394
2023-04-17,-2.876595140474279
2023-04-18,3.2206797548868593
2023-04-19,-5.170422181872768
2023-04-20,-2.0042383223539995
2023-04-21,-3.441935572636589
2023-04-22,2.0230602304934235
2023-04-23,-0.808019117719546
2023-04-24,-0.24061783683771873
2023-04-25,2.881076747199579
2023-04-26,0.43336510318068855
2023-04-27,3.677026780624119
2023-04-28,-0.4774325424884488
2023-04-29,-0.3002332440010274
2023-04-30,0.079639613551864
2023-05-01,-3.8852127637038527
2023-05-02,2.1125702802811057
2023-05-03,1.13601408513912
2023-05-04,-0.6323992392909917
2023-05-05,2.366964487713816
2023-05-06,-2.1471253174446585
2023-05-07,-1.5453960164299272
2023-05-08,-2.6578961206823757
2023-05-09,-0.13104487874540502
2023-05-10,-0.1188981786649419
2023-05-11,-2.245736740414861
2023-05-12,-0.6768718026025058
2023-05-13,-0.08837514893726152
2023-05-14,0.5288147999902303
2023-05-15,0.9702753721135503
2023-05-16,-0.4963407003327747
2023-05-17,1.3439086570370047
2023-05-18,-2.078128135102492
2023-05-19,0.23623804885776778
2023-05-20,0.89533101664862
2023-05-21,-1.3444647762746051
2023-05-22,0.379009991643512
2023-05-23,1.3768474934132116
2023-05-24,-3.2683126339721578
2023-05-25,0.5573456064988987
2023-05-26,0.9258430660001072
2023-05-27,0.5545316906630661
2023-05-28,4.519672252566918
2023-05-29,-1.1743546979718469
2023-05-30,-0.15416560751139893
2023-05-31,-1.735963557217114
2023-06-01,-1.4638600206503711
2023-06-02,1.584492928696908
2023-06-03,-0.6502025701649587
2023-06-04,0.16230160542177824
2023-06-05,-5.025278259602196
2023-06-06,5.855228602396689
2023-06-07,-3.2664993528343804
2023-06-08,0.6093996004002669
2023-06-09,-0.09638912527881997
2023-06-10,-2.3809650244249765
2023-06-11,0.3331655242352196
2023-06-12,-0.1225603715641261
2023-06-13,0.06094716861456824
2023-06-14,-3.0693445914196578
2023-06-15,1.8100732707385003
2023-06-16,2.941041479486305
2023-06-17,0.6912465642415249
2023-06-18,-0.6572656986622466
2023-06-19,1.9577719722694273
2023-06-20,5.535514546677521
2023-06-21,6.0611335009866245
2023-06-22,-0.27888544014329025
2023-06-23,2.672851570411032
2023-06-24,-0.5211642604271968
2023-06-25,-0.212435267285231
2023-06-26,-0.6869717265661704
2023-06-27,1.3669794919528797
2023-06-28,-1.9882177099060427
2023-06-29,1.193783900003947
2023-06-30,0.11792654844198691
2023-07-01,0.3879990149719394
2023-07-02,0.10952268873092501
2023-07-03,1.736921604372314
2023-07-04,-1.2173342865910057
2023-07-05,-0.8595502156363464
2023-07-06,-1.9595815811879655
2023-07-07,1.4520115236211049
2023-07-08,-0.17919728267333537
2023-07-09,-0.397393693656808
2023-07-10,0.8022122331928064
2023-07-11,0.6684226896560049
2023-07-12,-0.7530460328384121
2023-07-13,3.5822656245882447
2023-07-14,-3.6240268960885462
2023-07-15,-0.11861011355340767
2023-07-16,-0.15955074635582872
2023-07-17,-0.34294069613074385
2023-07-18,-0.9636353034926435
2023-07-19,0.17372202696671307
2023-07-20,-0.41194499460977263
2023-07-21,0.3477014776395382
2023-07-22,-0.4577081042153487
2023-07-23,0.9883404970596039
2023-07-24,-3.007633323120249
2023-07-25,0.1659411579923014
2023-07-26,0.4421198684353065
2023-07-27,-0.4875327239174284
2023-07-28,0.36656658171882056
2023-07-29,0.12780820322690065
2023-07-30,-0.2785873729411652
2023-07-31,-0.16463763676414467
2023-08-01,1.5218819304049451
2023-08-02,-1.8589576384241917
2023-08-03,0.05783998336866065
2023-08-04,-0.34376396672915904
2023-08-05,-0.1143981912860016
2023-08-06,-0.006354917075056951
2023-08-07,0.48922770197634213
2023-08-08,2.0064162589850048
2023-08-09,-0.6893649755901166
2023-08-10,-0.4545426317954298
2023-08-11,-0.0923962284815357
2023-08-12,0.05502670585611569
2023-08-13,-0.45443632473593243
2023-08-14,0.42747860656060804
2023-08-15,-0.8082861031149728
2023-08-16,-1.602021779541501
2023-08-17,-7.091518962558201
2023-08-18,-2.201981393891861
2023-08-19,0.18570853350469277
2023-08-20,0.35530194640713875
2023-08-21,-0.24648341625269138
2023-08-22,-0.3792153087131024
2023-08-23,1.5021462607450857
2023-08-24,-1.0182785142442832
2023-08-25,-0.4434075028270046
2023-08-26,-0.14885067572552987
2023-08-27,0.31317445941866384
2023-08-28,0.06337830627802325
2023-08-29,6.225101431234887
2023-08-30,-1.5466243253705068
2023-08-31,-5.019634314996622
2023-09-01,-0.5139845938675962
2023-09-02,0.26312510474966594
2023-09-03,0.38691840119832366
2023-09-04,-0.5997877660173366
2023-09-05,-0.13548195851212105
2023-09-06,-0.11904822324162796
2023-09-07,1.9103497073837363
2023-09-08,-1.2937778003678795
2023-09-09,-0.0376293636603939
2023-09-10,-0.2432278893267849
2023-09-11,-2.5900740656282046
2023-09-12,2.673561007205492
2023-09-13,1.5124091113740386
2023-09-14,1.1872548101189093
2023-09-15,0.28218705271096034
2023-09-16,-0.14251554097692518
2023-09-17,-0.12699610866279604
2023-09-18,0.8340073050262523
2023-09-19,1.6825534267786812
2023-09-20,-0.2874680125530116
2023-09-21,-2.0722828976799788
2023-09-22,0.05839363678466784
2023-09-23,0.0031378091228824105
2023-09-24,-1.2135232626862982
2023-09-25,0.17028056902232735
2023-09-26,-0.29476526482078624
2023-09-27,0.5464383550721079
2023-09-28,2.5259489723566673
2023-09-29,-0.4185818906924394
2023-09-30,0.20892988750459493
2023-10-01,3.7688232759654
2023-10-02,-1.5942269686216697
2023-10-03,-0.28454529801959283
2023-10-04,1.3501013907602322
2023-10-05,-1.376809389677035
2023-10-06,1.9497745886411029
2023-10-07,0.07893071317470594
2023-10-08,-0.130803346772569
2023-10-09,-1.255777856241413
2023-10-10,-0.718330477893758
2023-10-11,-1.893817234297983
2023-10-12,-0.43349410420400253
2023-10-13,0.4092871430162963
2023-10-14,-0.016735128998619897
2023-10-15,1.1230936532409803
2023-10-16,4.995237741192266
2023-10-17,-0.3728674189981808
2023-10-18,-0.29982001313194745
2023-10-19,1.3673052971774753
2023-10-20,3.306800261025613
2023-10-21,0.7917940719537994
2023-10-22,0.2514892105553659
2023-10-23,9.772666993735303
2023-10-24,2.4918071893610967
2023-10-25,1.7300878651753462
2023-10-26,-1.0075287288785884
2023-10-27,-0.7222614107124559
2023-10-28,0.5363131117461833
2023-10-29,1.3174469360695846
2023-10-30,-0.08507797287052243
2023-10-31,0.48609491373434394
2023-11-01,2.250553466522968
2023-11-02,-1.4201848905394925
2023-11-03,-0.6014126120018919
2023-11-04,0.9957043571216595
2023-11-05,-0.11586274272537714
2023-11-06,-0.02116710914358924
2023-11-07,1.1292281131735848
2023-11-08,0.6657376227283144
2023-11-09,2.973292656055934
2023-11-10,1.6667064008337364
2023-11-11,-0.4610538919096281
2023-11-12,-0.2140159233317014
2023-11-13,-1.532086729628394
2023-11-14,-2.614693502326829
2023-11-15,6.561441760765037
2023-11-16,-4.554413482138023
2023-11-17,1.194142054687766
2023-11-18,-0.10830734970155487
2023-11-19,2.1887781663719115
2023-11-20,0.27527855779872473
2023-11-21,-4.417893674016287
2023-11-22,4.686651638827584
2023-11-23,-0.34957505148162804
2023-11-24,1.1367472302947144
2023-11-25,0.19983054220901134
2023-11-26,-0.8405653252153682
2023-11-27,-0.5340482065957028
2023-11-28,1.5654367276088499
2023-11-29,0.08562001916046118
2023-11-30,-0.39188250313697903
2023-12-01,2.5736836163926173
2023-12-02,2.0342966877026547
2023-12-03,1.2823797598884104
2023-12-04,5.006346652591438
2023-12-05,4.988256948607822
2023-12-06,-0.7567557795720602
2023-12-07,-1.0885953624923672
2023-12-08,2.017559617877509
2023-12-09,-1.0276934258230597
2023-12-10,0.11735262762868726
2023-12-11,-5.818839887440251
2023-12-12,0.5128389230543645
2023-12-13,3.4297805551978646
2023-12-14,0.3257860387483717
2023-12-15,-2.552955761621725
2023-12-16,0.7210092490151416
2023-12-17,-2.06327080167999
2023-12-18,3.0843805561381332
2023-12-19,-0.8700075584723549
2023-12-20,3.2913071605385134
2023-12-21,0.506384509643885
2023-12-22,0.29386148974650284
2023-12-23,-0.6195015355738994
2023-12-24,-1.6288053860918015
2023-12-25,1.4009727077471046
2023-12-26,-2.4758006518980635
2023-12-27,2.174082806662693
2023-12-28,-1.9332380110136191
2023-12-29,-1.2090730620131414
2023-12-30,0.1547771985104342
2023-12-31,0.26828995480188605
2024-01-01,4.463309355176676
2024-01-02,1.7444625610462887
2024-01-03,-4.7005126770499475
2024-01-04,3.0896750541354647
2024-01-05,-0.0685381754720485
2024-01-06,-0.429520844378315
2024-01-07,-0.1258389075542142
2024-01-08,6.8757355542936285
2024-01-09,-1.8045386935194727
2024-01-10,1.0976179276324427
2024-01-11,-0.616186179536008
2024-01-12,-7.553965352322066
2024-01-13,0.10032256186147273
2024-01-14,-2.4414961898293512
2024-01-15,1.91034657835425
2024-01-16,1.5426343977801122
2024-01-17,-0.9029219644808492
2024-01-18,-3.463205006163389
2024-01-19,0.8235416359508014
2024-01-20,0.0984900845963666
2024-01-21,-0.3016525931389877
2024-01-22,-4.9244411521813625
2024-01-23,0.8270409065483314
2024-01-24,0.5002319598333338
2024-01-25,-0.3536874346997531
2024-01-26,4.7075727528591305
2024-01-27,0.7280285479411106
2024-01-28,-0.21490523991940869
2024-01-29,2.991445842411008
2024-01-30,-0.80280685598318
2024-01-31,-0.8467433856273832
2024-02-01,1.1886646725746772
2024-02-02,0.2512179135855354
2024-02-03,-0.4462544879850491
2024-02-04,-0.9567622644560748
2024-02-05,0.19035087662964084
2024-02-06,1.0016581974181644
2024-02-07,2.8503192580576
2024-02-08,2.186769540711166
2024-02-09,4.083715860377557
2024-02-10,1.3100822670096177
2024-02-11,1.0989335388363393
2024-02-12,3.440911526523845
2024-02-13,-0.3983030723220077
2024-02-14,4.2089382443686905
2024-02-15,0.19632685735282246
2024-02-16,0.42835252373297406
2024-02-17,-0.9560269681352053
2024-02-18,0.891522596107025
2024-02-19,-0.682208205409773
2024-02-20,0.9794722000546506
2024-02-21,-0.8309280546105691
2024-02-22,-1.0600243815551418
2024-02-23,-1.0762772799702636
2024-02-24,1.6452309275482
2024-02-25,0.3258464800527548
2024-02-26,5.396934445003397
2024-02-27,4.706599010085078
2024-02-28,9.52091624201474
2024-02-29,-2.08130843709146
2024-03-01,2.080448947520612
2024-03-02,-0.64359130731901
2024-03-03,1.8309915740999858
2024-03-04,8.225620214670812
2024-03-05,-6.642940308002545
2024-03-06,3.6545911477717836
2024-03-07,1.2492366235827084
2024-03-08,2.0347158451909158
2024-03-09,0.292279896434636
2024-03-10,0.758436926503356
2024-03-11,4.496283375761068
2024-03-12,-0.8926652640116741
2024-03-13,2.2402565501795633
2024-03-14,-2.30267602863325
2024-03-15,-2.7793257083223164
2024-03-16,-5.875805174326561
2024-03-17,4.706756492321265
2024-03-18,-1.2032985786366195
2024-03-19,-8.353585588836136
2024-03-20,9.661715692829372
2024-03-21,-3.563744358329873
2024-03-22,-2.6128718978860177
2024-03-23,0.4066918431490819
2024-03-24,4.937382153140879
2024-03-25,4.0525849283125055
2024-03-26,0.08080471802136248
2024-03-27,-0.766595419581485
2024-03-28,1.860515604409696
2024-03-29,-1.204284679063191
2024-03-30,-0.35502703277902603
2024-03-31,2.42056122570308
2024-04-01,-2.286914696223263
2024-04-02,-6.1086713284988985
2024-04-03,0.8161463519797966
2024-04-04,3.8395176064481134
2024-04-05,-0.9897244212867546
2024-04-06,1.5559112454948085
2024-04-07,0.6755658063484612
2024-04-08,3.270935878474596
2024-04-09,-3.480940041182424
2024-04-10,2.0937743045130985
2024-04-11,-0.7298896774674901
2024-04-12,-4.090007233612222
2024-04-13,-5.011138227037043
2024-04-14,2.9802763724924772
2024-04-15,-3.5190901609390735
2024-04-16,0.6190015115174674
2024-04-17,-4.002948910017672
2024-04-18,3.6514499332259414
2024-04-19,0.5240377613238704
2024-04-20,1.790634485187156
2024-04-21,-0.10181413679071864
2024-04-22,2.929126571372781
2024-04-23,-0.6472440087120505
2024-04-24,-3.2101512461419084
2024-04-25,0.32156738575475685
2024-04-26,-1.132118446195555
2024-04-27,-0.5205372735336885
2024-04-28,-0.4892273050339914
2024-04-29,1.1643165194377623
2024-04-30,-5.016591005838563
2024-05-01,-3.88632892006983
2024-05-02,1.4930046024434607
2024-05-03,6.372443403699258
2024-05-04,1.5907536994792082
2024-05-05,0.21705174980319714
2024-05-06,-1.368498398907685
2024-05-07,-1.3108123995379743
2024-05-08,-1.8364362672145338
2024-05-09,3.037629172955389
2024-05-10,-3.5879901591667367
2024-05-11,0.000584716450110611
2024-05-12,1.0772378345059868
2024-05-13,2.3599702304521015
2024-05-14,-2.1430330683284775
2024-05-15,7.657511784148328
2024-05-16,-1.5463137715366342
2024-05-17,2.79095804041532
2024-05-18,-0.1869887209177032
2024-05-19,-0.9853344778949249
2024-05-20,7.799564316377364
2024-05-21,-1.8287727377308327
2024-05-22,-1.44432843606684
2024-05-23,-1.7241315002486004
2024-05-24,0.8802961677903842
2024-05-25,1.078442482573569
2024-05-26,-1.0773160637318857
2024-05-27,1.2879096885031505
2024-05-28,-1.5793945667295755
2024-05-29,-1.051678158594901
2024-05-30,1.1674340693979322
2024-05-31,-1.2742386006951452
2024-06-01,0.32201716236411393
2024-06-02,0.061036712601888914
2024-06-03,1.55102929386328
2024-06-04,2.562613652685908
2024-06-05,0.7290360885706002
2024-06-06,-0.45816918727312456
2024-06-07,-2.00200371506527
2024-06-08,-0.026550981321339564
2024-06-09,0.5057903091956678
2024-06-10,-0.18957937161056762
2024-06-11,-3.1306388173856594
2024-06-12,1.366300821990044
2024-06-13,-2.178539795173894
2024-06-14,-1.1033758368311393
2024-06-15,0.27914998740067154
2024-06-16,0.6793954560766589
2024-06-17,-0.21942736445412694
2024-06-18,-2.0306973044392183
2024-06-19,-0.28606728388380903
2024-06-20,-0.2026478192569067
2024-06-21,-1.144065511845179
2024-06-22,0.21635701960665807
2024-06-23,-1.6625450251964786
2024-06-24,-4.5841124910634665
2024-06-25,2.552603782898916
2024-06-26,-1.5834335188353483
2024-06-27,1.3049797933846763
2024-06-28,-2.0980508439867473
2024-06-29,0.9408240753980341
2024-06-30,2.9395522369866716
2024-07-01,0.28460944390528237
2024-07-02,-1.2974813976655766
2024-07-03,-2.9990008682817964
2024-07-04,-5.269467121220377
2024-07-05,-0.6320867081764636
2024-07-06,2.902385657416553
2024-07-07,-4.104298969488427
2024-07-08,1.531835201015339
2024-07-09,2.300746253696773
2024-07-10,-0.5020975758100366
2024-07-11,-0.6668582918348461
2024-07-12,0.9735924202617745
2024-07-13,2.28500030051326
2024-07-14,2.638305399723935
2024-07-15,6.6672117754808555
2024-07-16,0.48272482574567777
2024-07-17,-1.4948712183010193
2024-07-18,-0.2038412112794168
2024-07-19,4.279713242695586
2024-07-20,0.6801485442453159
2024-07-21,1.4734022797663726
2024-07-22,-0.8330180002913942
2024-07-23,-2.4519310519018065
2024-07-24,-0.8429313006190715
2024-07-25,0.6139138673096153
2024-07-26,3.254053550675679
2024-07-27,-0.145006529607791
2024-07-28,0.6595189496916185
2024-07-29,-2.1083512386577836
2024-07-30,-0.9249443371961054
2024-07-31,-2.3897175316326407
2024-08-01,1.1321480046046308
2024-08-02,-6.026354508557308
2024-08-03,-1.1963154499267945
2024-08-04,-4.217669644397634
2024-08-05,-7.087969026573658
2024-08-06,3.7838817489926226
2024-08-07,-1.8079236870680189
2024-08-08,12.139026087107132
2024-08-09,-1.3739160600771236
2024-08-10,0.10607872205071413
2024-08-11,-3.6515058558282547
2024-08-12,1.0816206447973395
2024-08-13,2.1115893984602625
2024-08-14,-3.0914845161860374
2024-08-15,-1.99744408563211
2024-08-16,2.3172788306822403
2024-08-17,0.9940674193313888
2024-08-18,-1.6549501761776035
2024-08-19,1.7317542336007958
2024-08-20,-0.8079210921579869
2024-08-21,3.6604313377222697
2024-08-22,-1.285636731485465
2024-08-23,6.1499564872097245
2024-08-24,0.11718651692678222
2024-08-25,0.2449122443948713
2024-08-26,-2.271550868433626
2024-08-27,-5.368304621827205
2024-08-28,-0.8071206901339102
2024-08-29,0.6110899639415759
2024-08-30,-0.45315934862816293
2024-08-31,-0.2496419503669699
2024-09-01,-2.788397583535376
2024-09-02,3.1146103791681816
2024-09-03,-2.8341666564779957
2024-09-04,0.9423439493859715
2024-09-05,-3.124308492101076
2024-09-06,-3.9377314154842633
2024-09-07,0.35329896547424705
2024-09-08,1.2809959059639209
2024-09-09,3.9518211080222216
2024-09-10,1.1024416075883332
2024-09-11,-0.5327244537612764
2024-09-12,1.3669279499548088
2024-09-13,4.199144930474446
2024-09-14,-0.931161159248983
2024-09-15,-1.3631345349594073
2024-09-16,-1.6773083549011716
2024-09-17,3.63626062794542
2024-09-18,2.2230176051667248
2024-09-19,2.0912840239715695
2024-09-20,0.3996585366913248
2024-09-21,0.3331521711242853
2024-09-22,0.39734849609805106
2024-09-23,-0.4922776759117034
2024-09-24,1.5398350978131743
2024-09-25,-1.8031082656505077
2024-09-26,3.234906023880519
2024-09-27,0.9358603640722151
2024-09-28,0.14510653158697268
2024-09-29,-0.38488084641534953
2024-09-30,-3.512102266856924
2024-10-01,-3.94501266350539
2024-10-02,-0.33456831114275054
2024-10-03,0.2093233850769454
2024-10-04,2.160908017290865
2024-10-05,0.03599275689035671
2024-10-06,1.1821937380821916
2024-10-07,-0.9271847763282619
2024-10-08,-0.1441231293797796
2024-10-09,-2.494096149800682
2024-10-10,-0.5074610351400421
2024-10-11,3.599522712069679
2024-10-12,1.1985120314738897
2024-10-13,-0.5405196906250784
2024-10-14,5.088000079556522
2024-10-15,1.4999798330984864
2024-10-16,0.8505920047171598
2024-10-17,-0.3212830153624743
2024-10-18,1.4827838824443087
2024-10-19,-0.08220261442908806
2024-10-20,0.9325401700337634
2024-10-21,-2.3682624235529404
2024-10-22,0.0010438207550999342
2024-10-23,-1.3808594003700136
2024-10-24,2.2614670930933367
2024-10-25,-2.234102809370329
2024-10-26,0.5792710023992558
2024-10-27,1.3514970558940111
2024-10-28,2.922567506109314
2024-10-29,4.020087867377789
2024-10-30,-0.5168482805442066
2024-10-31,-2.9306117388204154
2024-11-01,-1.045944357900848
2024-11-02,-0.28315046719714654
2024-11-03,-0.801290922359426
2024-11-04,-1.3537912804340224
2024-11-05,2.2833857345132333
2024-11-06,9.055239264113267
2024-11-07,0.35402400050322536
2024-11-08,0.846662205782619
2024-11-09,0.290870920786122
2024-11-10,4.81747219726333
2024-11-11,10.227321600323718
2024-11-12,-0.8452119335808281
2024-11-13,3.018533214820459
2024-11-14,-3.670391858946133
2024-11-15,4.332776155472762
2024-11-16,-0.5555308191604513
2024-11-17,-0.7869053511099486
2024-11-18,0.7779307053672019
2024-11-19,1.995847338340965
2024-11-20,2.1632669084199834
2024-11-21,4.4205245388880705
2024-11-22,0.5088858312837006
2024-11-23,-1.2417951649915255
2024-11-24,0.24108320530640331
2024-11-25,-5.030067465017718
2024-11-26,-1.1837932343737883
2024-11-27,4.331888639980865
2024-11-28,-0.3152276951593412
2024-11-29,1.8896974494487209
2024-11-30,-1.0462401114202555
2024-12-01,0.848477907801628
2024-12-02,-1.4502066405923415
2024-12-03,0.15395225906948254
2024-12-04,2.896179328715377
2024-12-05,-2.1753446122005546
2024-12-06,2.932276131159621
2024-12-07,0.006630522500029126
2024-12-08,1.3151284929130207
2024-12-09,-3.757856713789972
2024-12-10,-0.7859143948780668
2024-12-11,4.673238939357787
2024-12-12,-1.111820792172411
2024-12-13,1.4119507220498937
2024-12-14,-0.07734611941797277
2024-12-15,2.8855304007178892
2024-12-16,1.6646668531394775
2024-12-17,0.10366250100943654
2024-12-18,-5.752155723466227
2024-12-19,-2.577912113374858
2024-12-20,0.2782327770841593
2024-12-21,-0.5436675888428747
2024-12-22,-2.1738524238093304
2024-12-23,-0.43443857503687344
2024-12-24,4.215850099293739
2024-12-25,0.631644769568815
2024-12-26,-3.526949620007073
2024-12-27,-1.6092341723674408
2024-12-28,1.0659942531444089
2024-12-29,-1.72718093223772
2024-12-30,-0.9451629251217958
2024-12-31,0.8483652343802707
2025-01-01,1.0646563218714724
2025-01-02,2.6166946000859723
2025-01-03,1.265154088897537
2025-01-04,0.13172799626046022
2025-01-05,0.08251192545852772
2025-01-06,3.8276301751529718
2025-01-07,-5.209005632933072
2025-01-08,-1.9403217383307005
2025-01-09,-2.6929203293952786
2025-01-10,2.3860457907333164
2025-01-11,-0.1417539625400944
2025-01-12,-0.08173052257883137
2025-01-13,0.02924450939917044
2025-01-14,2.131887658509164
2025-01-15,4.112999963257781
2025-01-16,-0.744628042769512
2025-01-17,4.4351306983560015
2025-01-18,0.27190138290878585
2025-01-19,-3.1813415171147454
2025-01-20,0.9229120036603311
2025-01-21,4.011351379076196
2025-01-22,-2.3397372646352643
2025-01-23,0.29182596379820536
2025-01-24,0.8212446325807963
2025-01-25,-0.10434898486123619
2025-01-26,-1.939307294007121
2025-01-27,-0.577147866188737
2025-01-28,-0.7472789125797077
2025-01-29,2.354664246675616
2025-01-30,0.9892732806796639
2025-01-31,-2.227032028265886
2025-02-01,-1.7059012822983504
2025-02-02,-2.9530270723899403
2025-02-03,3.8127337355189854
2025-02-04,-3.4782475370281736
2025-02-05,-1.2899348160197823
2025-02-06,-0.01795221508500374
2025-02-07,-0.05408331013801598
2025-02-08,-0.052629206401258885
2025-02-09,0.01946620491921687
2025-02-10,0.9721233060644525
2025-02-11,-1.735155504522461
2025-02-12,2.2352587816244025
2025-02-13,-1.2921636168609774
2025-02-14,0.9165500937071139
2025-02-15,0.07380775675296507
2025-02-16,-1.4403093343692301
2025-02-17,-0.42173963864418507
2025-02-18,-0.2446030066935051
2025-02-19,1.1546623025337246
2025-02-20,1.760540862575363
2025-02-21,-2.252501389064767
2025-02-22,0.4613911314407642
2025-02-23,-0.3146507766285263
2025-02-24,-5.04766513039759
2025-02-25,-2.953882838368001
2025-02-26,-4.841968527852387
2025-02-27,0.7461829475597012
2025-02-28,-0.39267426159714897
2025-03-01,1.965118976134402
2025-03-02,9.544922058205657
2025-03-03,-8.682108238218179
2025-03-04,1.345654459282288
2025-03-05,3.898755147772349
2025-03-06,-0.7289953793481223
2025-03-07,-3.5799154168801506
2025-03-08,-0.677939234769514
2025-03-09,-6.4457204374672585
2025-03-10,-2.56230955751672
2025-03-11,5.524862263228859
2025-03-12,1.0439437346403986
2025-03-13,-3.174943243265941
2025-03-14,3.57989028171627
2025-03-15,0.44624298796906126
2025-03-16,-2.0794068180902325
2025-03-17,1.815715780408109
2025-03-18,-1.614281471723963
2025-03-19,4.999373347599789
2025-03-20,-3.1146147508151723
2025-03-21,-0.14411874211052922
2025-03-22,-0.2543521187783402
2025-03-23,2.651110858663119
2025-03-24,1.659078599690535
2025-03-25,-0.046984187406113084
2025-03-26,-0.6395495810149434
2025-03-27,0.3231942975104743
2025-03-28,-3.248355019978118
2025-03-29,-2.079954135684096
2025-03-30,-0.31776092006991025
2025-03-31,0.25851559576339955
2025-04-01,3.170428913772639
2025-04-02,-3.16374637053364
2025-04-03,0.7459939231305661
2025-04-04,0.8947682919124792
2025-04-05,-0.40539978952904193
2025-04-06,-6.335015409441313
2025-04-07,1.2963215059510118
2025-04-08,-3.7194901560311107
2025-04-09,8.260254822894893
2025-04-10,-3.5605900394996617
2025-04-11,4.746985039059043
2025-04-12,2.257184441265077
2025-04-13,-1.869725750959254
2025-04-14,1.0130497823231601
2025-04-15,-1.0299340703576658
2025-04-16,0.4294729474898876
2025-04-17,1.0294790053408698
2025-04-18,-0.5293072085382614
2025-04-19,0.7253292895619503
2025-04-20,0.1272356588265904
2025-04-21,2.7560464602823145
2025-04-22,6.764041132573999
2025-04-23,0.2906244818116571
2025-04-24,0.26832319557674894
2025-04-25,0.815556507555539
2025-04-26,-0.0714976522820396
2025-04-27,-0.9571665177249451
2025-04-28,1.30493449578978
2025-04-29,-0.733898364473874
2025-04-30,-0.08395292670243311
2025-05-01,2.4194962106254403
2025-05-02,0.4301794879849629
2025-05-03,-1.0451883548846712
2025-05-04,-1.6283445292969194
2025-05-05,0.45429831960893585
2025-05-06,2.167945973352283
2025-05-07,0.23979806988057312
2025-05-08,6.396927824453737
2025-05-09,-0.25985636501665427
2025-05-10,1.6728708442347429
2025-05-11,-0.5680084603958426
2025-05-12,-1.2429599335599182
2025-05-13,1.3201900699232576
2025-05-14,-0.6027936722601811
2025-05-15,0.1987780852141067
2025-05-16,-0.23749518382210072
2025-05-17,-0.28814878109743997
2025-05-18,3.1583980230058764
2025-05-19,-0.774544252310119
2025-05-20,1.1227452548150205
2025-05-21,2.703183955155528
2025-05-22,1.8234023761011644
2025-05-23,-3.9322955688292334
2025-05-24,0.47786686070988266
2025-05-25,1.1438693713773285
2025-05-26,0.3821055669906881
2025-05-27,-0.40731356934267593
2025-05-28,-1.0916781724146185
2025-05-29,-1.9980528826519355
2025-05-30,-1.559583264159601
2025-05-31,0.6186612240825932
2025-06-01,0.9698307561521667
2025-06-02,0.21932717580544686
2025-06-03,-0.43064913888986245
2025-06-04,-0.6661801376878492
2025-06-05,-3.0308395671273334
2025-06-06,2.772329910066662
2025-06-07,1.1734543092079834
2025-06-08,0.16677218450628267
2025-06-09,4.254607703559139
2025-06-10,-0.034863670440424065
2025-06-11,-1.4285744651755659
2025-06-12,-2.5365378750135585
2025-06-13,0.15706928307194948
2025-06-14,-0.5990869422283513
2025-06-15,0.08266232082669729
2025-06-16,1.1758392126897586
2025-06-17,-2.053483897572483
2025-06-18,0.2688836001617738
2025-06-19,-0.19305043749930634
2025-06-20,-1.310103340713889
2025-06-21,-1.0237342837028418
2025-06-22,-1.198382039785556
2025-06-23,4.545411996861926
2025-06-24,0.449095747743273
2025-06-25,1.238928521648779
2025-06-26,-0.38656115548236325
2025-06-27,0.1248262447015134
2025-06-28,0.22145395361256062
2025-06-29,0.9855319868792756
2025-06-30,-1.1515611529667529
2025-07-01,-1.349675572848874
2025-07-02,2.9859282304349364
2025-07-03,0.7377103424436207
2025-07-04,-1.4605835065633586
2025-07-05,0.19936312868476241
2025-07-06,0.9247637724569916
2025-07-07,-0.8563864626556684
2025-07-08,0.6020845360969019
2025-07-09,2.1810695604753745
2025-07-10,4.183994862645882
2025-07-11,1.3197754205476162
2025-07-12,-0.0812420636600899
2025-07-13,1.4339457301227396
2025-07-14,0.6161349962723377
2025-07-15,-1.732663602735441
2025-07-16,0.8162194503922927
2025-07-17,0.4643278306736132
2025-07-18,-1.0738084219359165
2025-07-19,-0.04927911990126962
2025-07-20,-0.5454450552121947
2025-07-21,0.11343817090223339
2025-07-22,2.187678303023594
2025-07-23,-1.0354256890755422
2025-07-24,-0.3392953061057763
2025-07-25,-0.6185093838706407
2025-07-26,0.2571497635228913
2025-07-27,1.274974870710426
2025-07-28,-1.2833405807228941
2025-07-29,-0.01393733854729345
2025-07-30,-0.07700403106794315
2025-07-31,-1.761321990982387
2025-08-01,-2.0899335290233556
2025-08-02,-0.7002063424982127
2025-08-03,1.503537070628869
2025-08-04,0.7423672060813662
2025-08-05,-0.8088333138709125
2025-08-06,0.7771848900861784
2025-08-07,2.1445210616491734
2025-08-08,-0.6950937934820072
2025-08-09,-0.15248259788083138
2025-08-10,2.4112395441219747
2025-08-11,-0.48225845234110165
2025-08-12,1.2258008940724057
2025-08-13,2.6421843876224034
2025-08-14,-4.037493595384635
2025-08-15,-0.8173220987378901
2025-08-16,0.07915752700572662
2025-08-17,-0.033811915451992164
2025-08-18,-1.0230343020200743
2025-08-19,-2.934123478270454
2025-08-20,1.282233531992516
2025-08-21,-1.6247167622596888
2025-08-22,3.949305417260361
2025-08-23,-1.2767052646602572
2025-08-24,-1.6717259373417777
2025-08-25,-2.937280078069294
2025-08-26,1.52423916625313
2025-08-27,-0.5131220443874642
2025-08-28,1.192016964831299
2025-08-29,-3.6780704110174964
2025-08-30,0.36773936532836604
2025-08-31,-0.5346059804449254
2025-09-01,0.9441518542901031
2025-09-02,1.7918899747145005
2025-09-03,0.4789210315695677
2025-09-04,-0.8902285697622287
2025-09-05,-0.06505535420382477
2025-09-06,-0.38488278803917714
2025-09-07,0.8585353475570816
2025-09-08,0.8171909131760746
2025-09-09,-0.4880826826842178
2025-09-10,2.1734799663771365
2025-09-11,1.3566953128261667
2025-09-12,0.5140684167876396
2025-09-13,-0.12322361758861522
2025-09-14,-0.46798745987386703
2025-09-15,0.03920479328864849
2025-09-16,1.2297552205896738
2025-09-17,-0.31838273126728245
2025-09-18,0.5803968352675198
2025-09-19,-1.2368459068796052
2025-09-20,0.026653675897783863
2025-09-21,-0.366484042326615
2025-09-22,-2.220733923323021
2025-09-23,-0.6589155638723236
2025-09-24,1.1793556816459476
2025-09-25,-3.7773482774093203
2025-09-26,0.6158503881055386
2025-09-27,-0.02296597318685244
2025-09-28,2.2252480164771877
2025-09-29,2.0358108040310254
2025-09-30,-0.29759427102345154
2025-10-01,4.025453971581791
2025-10-02,1.709931947347507
2025-10-03,1.3339856646819166
2025-10-04,0.12919293996588932
2025-10-05,0.8934876811439747
2025-10-06,1.0056461567207937
2025-10-07,-2.6458526450635804
2025-10-08,1.5698159756568333
2025-10-09,-1.322785088754173
2025-10-10,-6.976207210496048
2025-10-11,-2.1446692391327518
2025-10-12,3.933029861940398
2025-10-13,0.09499552090318672
2025-10-14,-1.8619884023924516
2025-10-15,-2.0605807693402145
2025-10-16,-2.3434572265195537
2025-10-17,-1.5819536591832022
2025-10-18,0.6710238462182971
2025-10-19,1.3641227702476988
2025-10-20,1.768224484779502
2025-10-21,-1.9086602487266706
2025-10-22,-0.7400995296579889
2025-10-23,2.2198194177045174
2025-10-24,0.8763296038428046
2025-10-25,0.5485859834965443
2025-10-26,2.5379923118582703
2025-10-27,-0.3149230476623855
2025-10-28,-1.027715122192709
2025-10-29,-2.5380709606314684
2025-10-30,-1.5933683982703344
2025-10-31,1.155770067947225
2025-11-01,0.46129697684687077
2025-11-02,0.522598730700846
2025-11-03,-3.7049231211559523
2025-11-04,-4.646923563033216
2025-11-05,2.276647955390735
2025-11-06,-2.4952195337345
2025-11-07,2.0596716962192314
2025-11-08,-1.0540466148482064
2025-11-09,2.38627345090901
2025-11-10,1.2154072286744229
2025-11-11,-2.8296976369730293
2025-11-12,-1.3088352446299956
2025-11-13,-1.9441089798898765
2025-11-14,-5.31313489730601
2025-11-15,1.195376068814528
2025-11-16,-1.4439454778196132
2025-11-17,-2.215948832499167
2025-11-18,0.9276813057235687
2025-11-19,-1.5925045319833582
2025-11-20,-5.278249891921762
2025-11-21,-1.6619742547705634
2025-11-22,-0.5290372854418075
2025-11-23,2.5474706004288685
2025-11-24,1.6956334798437802
2025-11-25,-1.0513999356554888
2025-11-26,3.632446008514132
2025-11-27,0.8480206837849682
2025-11-28,-0.4010687978950628
2025-11-29,-0.07367499086366526
2025-11-30,-0.4886692867667972
2025-12-01,-4.500032239088538
2025-12-02,5.8242773174915845
2025-12-03,2.3895218099767948
2025-12-04,-1.4045725076898834
2025-12-05,-2.9803341901332705
2025-12-06,-0.1308705821564682
2025-12-07,1.2632793002180693
2025-12-08,0.23844973716443787
2025-12-09,2.263917181712415
2025-12-10,-0.7274258132539514
2025-12-11,0.5434454512934764
2025-12-12,-2.424776948067384
2025-12-13,0.04533022510693761
2025-12-14,-2.349215396786833
2025-12-15,-1.9862486795468113
2025-12-16,1.6425662455737151
2025-12-17,-1.9395624258803974
2025-12-18,-0.7915310045935788
2025-12-19,3.073665026192893
2025-12-20,0.2750550810702195
2025-12-21,0.313597607100454
2025-12-22,-0.14825179337771044
2025-12-23,-1.2159914905669107
2025-12-24,0.2375633427016131
2025-12-25,-0.426418545256252
2025-12-26,0.07556770935716847
2025-12-27,0.5735605525503726
2025-12-28,0.04156316658118529
2025-12-29,-0.794264439297727
2025-12-30,1.4871072392964995
2025-12-31,-1.0412327534257262
2026-01-01,1.3986570877856768
2026-01-02,1.3654806656763367
2026-01-03,0.731705389236328
2026-01-04,0.8945533674381643
2026-01-05,2.6997099069213486
2026-01-06,-0.15756164839793182
2026-01-07,-2.5813287126672777
2026-01-08,-0.30940393924039716
2026-01-09,-0.5637623684027353
2026-01-10,-0.13639706824851128
2026-01-11,0.4891296174038142
2026-01-12,0.4042161726036517
2026-01-13,4.53630539381375
2026-01-14,1.6852422342085276
2026-01-15,-1.4237936747236788
2026-01-16,-0.030332947017498675
2026-01-17,-0.4451543359815232
2026-01-18,-1.5423047377747598
2026-01-19,-1.1767339905167917
2026-01-20,-4.584041291613027
2026-01-21,1.1892841130206435
2026-01-22,0.0939036406868925
2026-01-23,0.04675516206156556
2026-01-24,-0.4417730730264951
2026-01-25,-2.8422125991086684
2026-01-26,1.9645206021561272
2026-01-27,0.9575321920761495
2026-01-28,0.09037012383170728
2026-01-29,-5.1679637727893075
2026-01-30,-0.5133116328494686
2026-01-31,-6.544171946414032
2026-02-01,-2.1006754275376025
2026-02-02,2.2345274307309286
2026-02-03,-3.888454108299317
2026-02-04,-3.4642879127843496
2026-02-05,-14.125978376425834
2026-02-06,12.520542176405433
2026-02-07,-1.8026359761378896
2026-02-08,1.4159169096007733
2026-02-09,-0.1744605192708471
2026-02-10,-1.9154258171405987
2026-02-11,-2.6164296783844563
2026-02-12,-1.1499124023425769
2026-02-13,3.993858869148416
2026-02-14,1.3225101756425852
2026-02-15,-1.4000806726694122
2026-02-16,0.0883333728980218
2026-02-17,-1.9593468662206948
2026-02-18,-1.5746543918035458
2026-02-19,0.800742842088426
2026-02-20,1.5634199221580318
2026-02-21,0.005170017757287657
2026-02-22,-0.49918139673822504
2026-02-23,-4.5097712778958154
2026-02-24,-0.8294733914893875
2026-02-25,6.058818053672451
2026-02-26,-0.7373919937440095
2026-02-27,-2.3344205306335075
2026-02-28,1.6954277988397988
2026-03-01,-1.8920446933705564
2026-03-02,4.627391946861657
2026-03-03,-0.7144422902405477
2026-03-04,6.472366697814211
2026-03-05,-2.5738727568489836
2026-03-06,-3.819285303727609
2026-03-07,-1.2681769274445576
2026-03-08,-1.9364803597309452
2026-03-09,3.6877552593779304
2026-03-10,2.2282785726261793
2026-03-11,0.39128831888461885
2026-03-12,0.4040681662651541
2026-03-13,0.6684233891889532
2026-03-14,0.35121657577544685
2026-03-15,2.213387065402089
2026-03-16,2.833744322648899
2026-03-17,-1.2461647357537116
2026-03-18,-3.6399621847909276
2026-03-19,-1.8772714389018914
2026-03-20,0.8740399138375331
2026-03-21,-2.5678983515448754
2026-03-22,-1.2980324929791156
2026-03-23,4.527894366404787
2026-03-24,-0.5567587422117565
2026-03-25,1.1200161833414835
2026-03-26,-3.5317459665337196
2026-03-27,-3.5650983217127736
2026-03-28,-0.028346567227175774
2026-03-29,-0.5500227885263628
2026-03-30,1.1114494717251144
2026-03-31,2.3071236456013873
2026-04-01,-0.22618994459462707
2026-04-02,-1.747010633843055
2026-04-03,0.06291905645008511
2026-04-04,0.5256562474943531
2026-04-05,2.5125175992912334
2026-04-06,-0.17842959981145692
2026-04-07,4.474812797821647
2026-04-08,-1.1491137689843631
2026-04-09,0.910085239271822
2026-04-10,1.6784260658863785
2026-04-11,0.1070876776479979
2026-04-12,-3.15188231980284
2026-04-13,5.26731055346846
2026-04-14,-0.398490124286247
2026-04-15,0.8398998283255746
2026-04-16,0.45616070190329944
2026-04-17,2.6114029554317497
2026-04-18,-1.8277264581430495
2026-04-19,-2.4659965976221323
2026-04-20,2.7327790039164976
2026-04-21,0.6325654708814771
2026-04-22,2.4214546920500055
2026-04-23,0.08321598514140124
2026-04-24,-1.033054365697592
2026-04-25,0.19985832903912773
2026-04-26,1.345677010339445
2026-04-27,-1.645530018542778
2026-04-28,-1.3150705348486673
2026-04-29,-0.7525206469162442
2026-04-30,0.693714679836881
2026-05-01,2.455859995349669
2026-05-02,0.6133458688693394
2026-05-03,-0.1506546295259832
2026-05-04,1.6394352540202046
2026-05-05,1.382453795540397
2026-05-06,0.6138544013428149
2026-05-07,-1.7424528871206872
2026-05-08,0.22139914416546758
2026-05-09,0.5943863575626379
2026-05-10,1.8264540786530195
2026-05-11,-0.500066674288397
2026-05-12,-2.1690115073686416
